Date,XAU,GDX,GLD
1/1/2010,1096.35,,
1/4/2010,1120,47.71,109.8
1/5/2010,1118.65,48.17,109.7
1/6/2010,1138.5,49.34,111.51
1/7/2010,1131.9,49.1,110.82
1/8/2010,1136.1,49.84,111.37
1/11/2010,1152.6,50.17,112.85
1/12/2010,1127.3,48.35,110.49
1/13/2010,1138.4,48.86,111.54
1/14/2010,1142.85,48.6,112.03
1/15/2010,1129.9,47.42,110.86
1/18/2010,1132.5,,
1/19/2010,1137.7,47.69,111.52
1/20/2010,1111.3,45.73,108.94
1/21/2010,1094.75,43.75,107.37
1/22/2010,1092.6,43.79,107.17
1/25/2010,1097.85,43.19,107.48
1/26/2010,1097.65,43.13,107.56
1/27/2010,1086.35,42.77,106.528
1/28/2010,1085.9,42.17,106.48
1/29/2010,1081.05,40.72,105.96
2/1/2010,1106.95,42.94,108.35
2/2/2010,1114.8,43,109.13
2/3/2010,1109.25,42.57,108.7
2/4/2010,1063.05,40.24,104.37
2/5/2010,1064.95,42.41,104.68
2/8/2010,1063.35,40.78,104.04
2/9/2010,1076.9,42.57,105.41
2/10/2010,1072.45,42.35,105.12
2/11/2010,1094.95,43.99,107.13
2/12/2010,1092.4,43.94,107.04
2/15/2010,1100.5,,
2/16/2010,1119.55,44.91,109.62
2/17/2010,1114.8,44.71,109.25
2/18/2010,1123.5,45.06,109.98
2/19/2010,1118.45,44.57,109.47
2/22/2010,1113.3,44.09,109.07
2/23/2010,1101.65,42.5,107.89
2/24/2010,1096,42.25,107.36
2/25/2010,1105.7,43.45,108.31
2/26/2010,1116.1,43.89,109.43
3/1/2010,1116.95,44.64,109.43
3/2/2010,1134.25,45.51,111.02
3/3/2010,1139.1,46.364,111.63
3/4/2010,1131.6,45.58,110.83
3/5/2010,1131.65,46.43,110.81
3/8/2010,1122,45.95,109.88
3/9/2010,1119.7,45.58,109.718
3/10/2010,1107.8,44.96,108.47
3/11/2010,1109.05,45.32,108.6
3/12/2010,1102.05,44.99,107.95
3/15/2010,1108.6,44.94,108.36
3/16/2010,1124.7,46.12,110.4
3/17/2010,1124.05,46.27,109.59
3/18/2010,1125.45,45.97,110.34
3/19/2010,1106.55,45.31,108.28
3/22/2010,1101.8,45.14,107.75
3/23/2010,1102.15,45.28,108.32
3/24/2010,1087,43.5,106.3
3/25/2010,1090.85,42.91,106.78
3/26/2010,1105.6,43.712,108.59
3/29/2010,1108.2,44.33,108.75
3/30/2010,1102.6,43.86,107.97
3/31/2010,1112.8,44.41,108.95
4/1/2010,1125.5,46.4,110.26
4/2/2010,1120,,
4/5/2010,1129.7,46.9,110.89
4/6/2010,1133.7,46.81,111.03
4/7/2010,1147.5,48.18,112.49
4/8/2010,1150.15,48.19,112.65
4/9/2010,1159.9,48.68,113.64
4/12/2010,1151.51,48.14,113.01
4/13/2010,1150.15,47.75,112.69
4/14/2010,1153.9,48.09,113.03
4/15/2010,1157.95,47.57,113.65
4/16/2010,1136.45,46.65,111.24
4/19/2010,1134.6,46.59,111.15
4/20/2010,1140,46.46,111.46
4/21/2010,1145.3,46.98,112.31
4/22/2010,1140.95,47.36,111.84
4/23/2010,1156.9,48.21,113.19
4/26/2010,1154.38,48.13,112.75
4/27/2010,1172.43,48.28,114.63
4/28/2010,1164.95,49.7,114.31
4/29/2010,1166.1,50.31,114.28
4/30/2010,1178.25,50.51,115.36
5/3/2010,1181.9,49.88,115.73
5/4/2010,1171.15,49.66,114.87
5/5/2010,1174.2,49.24,115.09
5/6/2010,1207.75,49.9399,118.486
5/7/2010,1207.8,49.13,118.27
5/10/2010,1201.9,50.14,117.57
5/11/2010,1232.05,53.6,120.656
5/12/2010,1236.35,53.43,121.4
5/13/2010,1231.83,52.66,120.56
5/14/2010,1232.55,53.15,120.37
5/17/2010,1222.75,51.87,119.36
5/18/2010,1220.7,51.49,119.49
5/19/2010,1190.75,49.45,116.63
5/20/2010,1182.1,47.0475,115.84
5/21/2010,1175.15,47.21,115.22
5/24/2010,1191.55,47.64,116.84
5/25/2010,1200.1,48.939999,117.36
5/26/2010,1209.9,48.99,118.470001
5/27/2010,1211.1,50.178,118.69
5/28/2010,1213.81,49.86,118.881
5/31/2010,1215.71,,
6/1/2010,1224.3,49.81,119.91
6/2/2010,1222.85,50.67,119.78
6/3/2010,1207.55,49.83,117.96
6/4/2010,1219,48.815,119.19
6/7/2010,1239.05,50.19,121.49
6/8/2010,1234.63,50.72,121.0025
6/9/2010,1230.35,50.2,120.56
6/10/2010,1217.3,50.66,118.975
6/11/2010,1225.9,50.79,120.01
6/14/2010,1221.15,49.9,119.6
6/15/2010,1233.45,51.17,120.99
6/16/2010,1230.6,51.66,120.33
6/17/2010,1244.35,52.96,121.9
6/18/2010,1256.35,54.06,122.83
6/21/2010,1231.65,52.52,120.39
6/22/2010,1239,52.14,121.45
6/23/2010,1236.2,52.45,120.95
6/24/2010,1244.05,52.18,121.3
6/25/2010,1254.5,53.88,122.76
6/28/2010,1237.05,53.4,121.09
6/29/2010,1240.45,51.98,121.27
6/30/2010,1241.35,51.96,121.68
7/1/2010,1198.65,49.62,117.04
7/2/2010,1210.6,49.58,118.49
7/5/2010,1207.95,,
7/6/2010,1192.25,48.91,116.51
7/7/2010,1201.85,49.9925,117.73
7/8/2010,1196.45,49.378,117.21
7/9/2010,1211.5,50.48,118.36
7/12/2010,1194.85,50.15,117.34
7/13/2010,1210.65,50.39,118.36
7/14/2010,1207.5,50.26,118.3
7/15/2010,1207.55,50.17,118.23
7/16/2010,1193.15,48.54,116.67
7/19/2010,1183.2,47.53,115.73
7/20/2010,1191.8,48.55,116.65
7/21/2010,1185.5,48.18,115.85
7/22/2010,1194.45,49.16,116.863
7/23/2010,1188.6,49.21,116.09
7/26/2010,1182,48.89,115.52
7/27/2010,1161.8,47.09,113.51
7/28/2010,1163.05,47.39,113.78
7/29/2010,1166.43,47.68,114.288
7/30/2010,1180.4,48.22,115.49
8/2/2010,1180.85,48.05,115.54
8/3/2010,1184.7,48.32,115.99
8/4/2010,1195.25,49.62,116.72
8/5/2010,1194.1,49.69,116.98
8/6/2010,1204.3,50.17,117.84
8/9/2010,1200.4,50.19,117.4
8/10/2010,1202.85,50.37,117.73
8/11/2010,1195.75,49.08,117.34
8/12/2010,1211.2,50.31,118.77
8/13/2010,1213.55,49.74,118.74
8/16/2010,1222.85,50.71,119.73
8/17/2010,1222.9,51.29,119.75
8/18/2010,1228.55,52.13,120.22
8/19/2010,1230.1,51.728,120.39
8/20/2010,1227.7,51.28,119.97
8/23/2010,1223.4,50.9,119.78
8/24/2010,1229.25,50.3,120.36
8/25/2010,1239.1,52,121.36
8/26/2010,1234.05,52.732,120.96
8/27/2010,1236.2,53.34,121.01
8/30/2010,1236.3,53.12,120.91
8/31/2010,1245.65,53.61,122.08
9/1/2010,1243.85,52.85,121.69
9/2/2010,1250.75,53.57,122.29
9/3/2010,1245.8,53.69,121.86
9/6/2010,1249.55,,
9/7/2010,1254.9,53.95,122.7
9/8/2010,1254.7,53.67,122.71
9/9/2010,1243.6,52.65,121.56
9/10/2010,1245.95,53.04,121.73
9/13/2010,1244.95,53,121.62
9/14/2010,1268.35,54.88,124.024
9/15/2010,1267.55,54.6,123.94
9/16/2010,1274.55,55.36,124.63
9/17/2010,1273.4,54.78,124.5425
9/20/2010,1276.85,55.34,124.87
9/21/2010,1284.95,55.67,126.01
9/22/2010,1290.85,56.37,126.2
9/23/2010,1291.05,55.76,126.3
9/24/2010,1295.95,55.67,126.69
9/27/2010,1294,55.34,126.72
9/28/2010,1308.1,56.66,127.85
9/29/2010,1308.9,56.51,127.95
9/30/2010,1308.5,55.93,127.91
10/1/2010,1317.3,56.6,128.91
10/4/2010,1314.25,55.55,128.46
10/5/2010,1340.25,57.26,130.99
10/6/2010,1348.4,58.12,131.81
10/7/2010,1332.7,56.58,130.37
10/8/2010,1346.3,57.3,131.66
10/11/2010,1352.95,57.41,132.292
10/12/2010,1349.6,57.17,131.96
10/13/2010,1371.1,58.59,134.07
10/14/2010,1380.3,58.19,134.75
10/15/2010,1368.15,57.41,133.68
10/18/2010,1369.3,57.14,134.28
10/19/2010,1334.45,54.53,130.11
10/20/2010,1345.35,55.46,131.32
10/21/2010,1324.5,54.28,129.47
10/22/2010,1327.2,54.89,129.73
10/25/2010,1339.45,55.74,130.85
10/26/2010,1339.4,55.79,130.88
10/27/2010,1324.8,54.678,129.52
10/28/2010,1343.35,56.36,131.24
10/29/2010,1359.05,57.296,132.62
11/1/2010,1350.75,57.23,131.92
11/2/2010,1357,57.67,132.49
11/3/2010,1347.65,57.23,131.57
11/4/2010,1392.25,59.99,136.03
11/5/2010,1393.4,60.09,136.38
11/8/2010,1409.05,61.77,137.78
11/9/2010,1389.69,59.67,135.59
11/10/2010,1403.25,61.33,137.24
11/11/2010,1408.9,61.78,137.66
11/12/2010,1368.39,60.07,133.69
11/15/2010,1358.89,59.47,132.42
11/16/2010,1340.45,57.66,130.968
11/17/2010,1336.85,58.04,130.38
11/18/2010,1353.45,59.03,132.088
11/19/2010,1353,59.28,132.2
11/22/2010,1365.8,60.03,133.48
11/23/2010,1376.8,59.62,134.41
11/24/2010,1374.5,59.67,134.18
11/25/2010,1374.12,,
11/26/2010,1364.05,58.61,132.82
11/29/2010,1366.44,58.87,133.508
11/30/2010,1384.45,59.5,135.42
12/1/2010,1386.69,60.28,135.38
12/2/2010,1384.25,61.18,135.2
12/3/2010,1414.49,62.71,138.07
12/6/2010,1423.05,63.8,139.11
12/7/2010,1401.39,62.38,136.5
12/8/2010,1381.7,61.2,134.79
12/9/2010,1387.26,61.43,135.37
12/10/2010,1385.65,61.66,135.408
12/13/2010,1393.15,62.22,136.05
12/14/2010,1395.85,62.13,136.18
12/15/2010,1379.4,60.99,134.7
12/16/2010,1369.3,60.17,133.81
12/17/2010,1374.65,60.44,134.2
12/20/2010,1384.25,60.57,135.11
12/21/2010,1385.29,60.55,135.32
12/22/2010,1384.6,59.84,135.05
12/23/2010,1379.79,59.89,134.66
12/24/2010,1384.25,,
12/27/2010,1383.6,59.54,135.02
12/28/2010,1405.99,61.09,137.22
12/29/2010,1410.55,61.31,137.71
12/30/2010,1404.05,60.88,137.03
12/31/2010,1419.45,61.47,138.72
1/3/2011,1413.8,60.77,138
1/4/2011,1380.21,59.02,134.75
1/5/2011,1376.8,58.22,134.37
1/6/2011,1371,56.74,133.83
1/7/2011,1368.6,56.74,133.58
1/10/2011,1374.55,56.89,134.12
1/11/2011,1381.95,58.0425,134.91
1/12/2011,1386,57.9,135.46
1/13/2011,1373.55,56.05,134.05
1/14/2011,1361.35,54.88,132.69
1/17/2011,1362.4,,
1/18/2011,1367.25,55.81,133.43
1/19/2011,1369.85,55.47,133.72
1/20/2011,1345.5,54.64,131.2
1/21/2011,1342.05,53.94,131.03
1/24/2011,1334.3,53.43,130.36
1/25/2011,1333.4,53.12,130.1
1/26/2011,1345.49,55.1,131.16
1/27/2011,1311.11,53.73,127.925
1/28/2011,1334.79,54.2,130.28
1/31/2011,1331.81,53.92,129.87
2/1/2011,1340.25,55.44,130.8
2/2/2011,1336.4,55.03,130.45
2/3/2011,1352.85,56.52,132.2
2/4/2011,1348.75,56.11,131.66
2/7/2011,1348.75,56.12,131.68
2/8/2011,1363.65,57.35,133.14
2/9/2011,1362.39,56.464,133.07
2/10/2011,1361.48,55.93,132.85
2/11/2011,1355.75,55.73,132.3225
2/14/2011,1361.65,56.46,132.95
2/15/2011,1373.05,57.51,133.97
2/16/2011,1374.65,57.74,134.1
2/17/2011,1383.24,58.45,135.04
2/18/2011,1386.9,58.98,135.41
2/21/2011,1405.95,,
2/22/2011,1397.55,58.43,136.29
2/23/2011,1409.95,59.61,137.51
2/24/2011,1399.75,57.74,136.48
2/25/2011,1408.71,58.95,137.384
2/28/2011,1411.3,59.83,137.661
3/1/2011,1433.5,60.802,140.03
3/2/2011,1434.55,60.79,139.917
3/3/2011,1416,59.87,138.09
3/4/2011,1428.79,60.401,139.35
3/7/2011,1432.55,59.95,139.721
3/8/2011,1428.39,59.41,139.36
3/9/2011,1429.1,58.94,139.41
3/10/2011,1413.05,56.83,137.77
3/11/2011,1417,57.82,138.22
3/14/2011,1426.65,57.81,138.86
3/15/2011,1393.95,56.48,136.27
3/16/2011,1399.3,55.24,136.24
3/17/2011,1402.4,55.72,136.97
3/18/2011,1417.55,56.66,138.37
3/21/2011,1425.05,58.02,139.14
3/22/2011,1428.09,58.17,139.05
3/23/2011,1436.2,60.28,140.34
3/24/2011,1429.1,59.99,139.22
3/25/2011,1428.65,59.52,139.26
3/28/2011,1418.65,58.48,138.54
3/29/2011,1416.8,58.54,138.21
3/30/2011,1423.38,59.64,138.67
3/31/2011,1430,60.1,139.86
4/1/2011,1427.88,59.77,139.19
4/4/2011,1436.55,59.75,139.84
4/5/2011,1450.6,62.71,142.05
4/6/2011,1457,62.772,142.38
4/7/2011,1456.5,62.51,142.51
4/8/2011,1473.1,63.95,143.66
4/11/2011,1463,62.1,142.64
4/12/2011,1453.2,61.11,141.61
4/13/2011,1457.35,60.86,141.9
4/14/2011,1472.9,61.64,143.81
4/15/2011,1484.5,61.44,145.05
4/18/2011,1495.08,60.83,145.93
4/19/2011,1493.1,61.6399,145.93
4/20/2011,1500.35,62.1,146.5
4/21/2011,1502.35,62.63,146.74
4/22/2011,1507.68,,
4/25/2011,1505.25,61.24,146.87
4/26/2011,1507,60.22,146.38
4/27/2011,1526.4,61.611,149.2
4/28/2011,1534.95,61.28,149.82
4/29/2011,1563.6,62.2,152.37
5/2/2011,1544.5,60.12,150.414
5/3/2011,1535.88,58.22,149.88
5/4/2011,1515.45,58.34,147.73
5/5/2011,1471.65,56.11,143.47
5/6/2011,1494.75,56.09,145.3
5/9/2011,1512.44,57.21,147.38
5/10/2011,1515.24,56.76,147.9
5/11/2011,1499.75,54.91,146.54
5/12/2011,1502.35,54.65,146.59
5/13/2011,1494.03,54.21,145.63
5/16/2011,1489.2,54.47,145.37
5/17/2011,1484.85,55.01,144.74
5/18/2011,1495,55.39,145.6
5/19/2011,1491.6,55.6,145.65
5/20/2011,1511.55,55.76,147.49
5/23/2011,1516.7,55.34,147.83
5/24/2011,1524.4,56.61,148.59
5/25/2011,1523.95,57.08,148.58
5/26/2011,1517.99,57.1,148.22
5/27/2011,1534.65,57.918,149.7
5/30/2011,1537.95,,
5/31/2011,1533.35,58.15,149.64
6/1/2011,1540.2,57.07,149.91
6/2/2011,1531.9,56.61,149.5
6/3/2011,1540.5,56.49,150.22
6/6/2011,1542,54.82,150.48
6/7/2011,1543.75,54.67,150.42
6/8/2011,1535.55,53.43,149.81
6/9/2011,1542.35,54.37,150.56
6/10/2011,1529.9,53.4,149.24
6/13/2011,1514.73,52.52,147.77
6/14/2011,1522.1,53.39,148.67
6/15/2011,1530.2,53.06,149.12
6/16/2011,1528.35,51.78,148.97
6/17/2011,1539,51.97,149.94
6/20/2011,1539.95,52.25,150.03
6/21/2011,1545.7,54.01,150.76
6/22/2011,1545.8,54.66,150.99
6/23/2011,1518.85,54.01,148.339
6/24/2011,1500.15,52.58,146.26
6/27/2011,1495,52.52,145.73
6/28/2011,1500.5,53.16,146.24
6/29/2011,1511.55,54.37,147.18
6/30/2011,1499.6,54.59,146.001
7/1/2011,1484.5,53.74,144.93
7/4/2011,1495.54,,
7/5/2011,1515.7,55.42,147.63
7/6/2011,1527.5,56.13,148.91
7/7/2011,1530.55,56.25,149.15
7/8/2011,1542.25,56.29,150.25
7/11/2011,1553.6,55.62,151.59
7/12/2011,1565.2,57.37,152.77
7/13/2011,1581.75,59.27,154.14
7/14/2011,1586.75,58.78,154.54
7/15/2011,1592.1,59.72,155.2
7/18/2011,1603.4,60.58,156.57
7/19/2011,1587.85,59.68,154.66
7/20/2011,1600.1,60.35,156.02
7/21/2011,1587.9,60.05,154.83
7/22/2011,1597.25,60.76,156.12
7/25/2011,1614.05,60.28,157.34
7/26/2011,1618.8,60.29,157.77
7/27/2011,1613,58.482,157.19
7/28/2011,1616.35,58.13,157.32
7/29/2011,1626.14,56.89,158.29
8/1/2011,1618.1,57.36,157.72
8/2/2011,1659.25,58.45,161.52
8/3/2011,1660.7,59.2,161.49
8/4/2011,1647.9,55.9,160.64
8/5/2011,1664.5,55.42,161.75
8/8/2011,1716.85,55.44,167.119
8/9/2011,1743.4,57.698,168.61
8/10/2011,1794.5,59.3,174.58
8/11/2011,1765.9,59.85,170.75
8/12/2011,1745.99,59.22,169.97
8/15/2011,1765,60.9,171.8
8/16/2011,1785,60.28,173.92
8/17/2011,1788.15,60.74,174.42
8/18/2011,1823.85,59.76,177.72
8/19/2011,1851.95,61.26,179.95
8/22/2011,1897.1,63.7,184.59
8/23/2011,1829.65,61.49,177.67
8/24/2011,1750.55,59.96,171.646
8/25/2011,1770.59,61.07,172.36
8/26/2011,1828.05,62.48,177.47
8/29/2011,1787.1,61.95,173.89
8/30/2011,1834.44,63,179.1
8/31/2011,1823.3,62.8,177.72
9/1/2011,1824.55,63.38,177.87
9/2/2011,1883.7,64.91,183.238
9/5/2011,1898.99,,
9/6/2011,1872.9,65.34,182.9
9/7/2011,1816.46,65.43,177.08
9/8/2011,1868.26,66.63,181.81
9/9/2011,1857.31,65.8,180.7
9/12/2011,1813.25,63.9,176.67
9/13/2011,1833.3,64.39,178.54
9/14/2011,1819.2,63.17,177.21
9/15/2011,1788.64,62.8,174.4
9/16/2011,1810.84,64.11,176.03
9/19/2011,1777.64,63.48,173.31
9/20/2011,1803.25,65.63,175.78
9/21/2011,1781.29,64.28,173.59
9/22/2011,1735.33,59.3,169.05
9/23/2011,1655.29,56.41,159.8
9/26/2011,1626.85,57.34,157.58
9/27/2011,1649.45,57.07,160.63
9/28/2011,1607.94,54.54,156.22
9/29/2011,1614.05,55.03,157.7
9/30/2011,1623.25,55.19,158.06
10/3/2011,1660.09,54.45,160.96
10/4/2011,1623.44,52.5,157.644
10/5/2011,1640.4,54.888,159.46
10/6/2011,1649.68,56.27,160.49
10/7/2011,1638.59,54.88,159.18
10/10/2011,1674.94,56.84,163.266
10/11/2011,1662.24,56.91,162.1
10/12/2011,1676.7,57.39,163.26
10/13/2011,1666.2,56.28,162.3
10/14/2011,1679.09,57.964,163.4
10/17/2011,1669.15,56.59,162.62
10/18/2011,1654.29,56.97,161.84
10/19/2011,1641.3,53.55,159.87
10/20/2011,1618.6,53.13,157.77
10/21/2011,1640.52,53.98,159.52
10/24/2011,1652.18,56.03,161.02
10/25/2011,1703.35,57.45,165.59
10/26/2011,1723.75,57.97,167.4
10/27/2011,1743.95,59.11,169.55
10/28/2011,1742.09,60.48,169.62
10/31/2011,1713.25,58.83,167.34
11/1/2011,1718.3,58.51,167.38
11/2/2011,1735,59.96,169.06
11/3/2011,1762.65,61.83,171.72
11/4/2011,1753.29,61.3,170.85
11/7/2011,1795.25,63.3,174.98
11/8/2011,1784.5,62.5,173.53
11/9/2011,1771.49,60.69,172.07
11/10/2011,1758.34,60.17,171.14
11/11/2011,1788.49,62.31,173.96
11/14/2011,1780.5,61.17,173.2
11/15/2011,1780.9,61.33,173.36
11/16/2011,1761.49,60.31,171.51
11/17/2011,1718.69,57.87,167.1
11/18/2011,1722.35,57.06,167.62
11/21/2011,1680.19,56.2,163.5
11/22/2011,1698.69,57.04,165.31
11/23/2011,1692.44,55.49,164.83
11/24/2011,1694.25,,
11/25/2011,1679.63,54.79,163.4
11/28/2011,1711.7,56.2,166.63
11/29/2011,1715.89,56.46,166.88
11/30/2011,1745.1,60.41,170.13
12/1/2011,1744.39,60.3,169.63
12/2/2011,1744.39,58.25,169.82
12/5/2011,1720.69,57.86,167.32
12/6/2011,1727.34,59.02,168.18
12/7/2011,1741.24,58.96,169.4
12/8/2011,1708.19,57.26,165.976
12/9/2011,1710.39,57.83,166.4
12/12/2011,1665.44,55.8,161.99
12/13/2011,1631.49,54.04,158.45
12/14/2011,1574.3,52.38,152.89
12/15/2011,1569.99,51.68,152.33
12/16/2011,1597.49,52.68,155.23
12/19/2011,1593.5,51.17,154.87
12/20/2011,1614.79,52.995,156.98
12/21/2011,1614.29,52.96,157.16
12/22/2011,1603.84,52.4,156.04
12/23/2011,1605.74,52.79,156.31
12/26/2011,1604.96,,
12/27/2011,1592.04,51.87,154.91
12/28/2011,1552.14,50.06,151.03
12/29/2011,1545.99,51.2,150.34
12/30/2011,1563.8,51.43,151.99
1/2/2012,1565.41,,
1/3/2012,1603.69,53.8,155.92
1/4/2012,1611.54,53.74,156.71
1/5/2012,1622.5,53.9,157.78
1/6/2012,1616.39,53.35,157.2
1/9/2012,1611,53.65,156.5
1/10/2012,1630.88,54.47,158.64
1/11/2012,1641.3,54.31,159.67
1/12/2012,1649.69,54.72,160.38
1/13/2012,1638.49,54.05,159.26
1/16/2012,1642.9,,
1/17/2012,1651.29,53.18,160.5
1/18/2012,1660.75,53.24,161.6
1/19/2012,1657.2,52.15,161.22
1/20/2012,1666.4,52.18,162.07
1/23/2012,1676.5,53.01,163.16
1/24/2012,1664.7,51.82,162.01
1/25/2012,1711.4,55.23,166.42
1/26/2012,1720.64,55.76,167.27
1/27/2012,1738.39,57.14,168.97
1/30/2012,1729.55,56.46,168.03
1/31/2012,1739.03,56.46,169.31
2/1/2012,1742.74,56.56,169.56
2/2/2012,1759.39,57.47,171.05
2/3/2012,1724.44,56.44,167.64
2/6/2012,1719.8,56.18,167.18
2/7/2012,1746,55.88,169.7
2/8/2012,1732.99,55.54,168.5
2/9/2012,1729.1,55.25,168.02
2/10/2012,1719.39,54.49,167.14
2/13/2012,1721.89,54.3,167.51
2/14/2012,1719.6,53.77,167.12
2/15/2012,1728.59,53.56,168.108
2/16/2012,1728.3,54.95,168
2/17/2012,1721.89,54.15,167.35
2/20/2012,1733.5,,
2/21/2012,1758.75,55.82,171.02
2/22/2012,1777.15,56.83,172.94
2/23/2012,1779.6,57.26,173.02
2/24/2012,1772.89,56.46,172.231
2/27/2012,1765.82,56.06,171.7
2/28/2012,1785.29,57.33,173.49
2/29/2012,1694.7,55.4,164.286
3/1/2012,1715.94,55.89,166.61
3/2/2012,1711.89,54.79,166.34
3/5/2012,1706.3,53.62,165.65
3/6/2012,1673.6,52.47,162.7
3/7/2012,1684.34,52.67,163.63
3/8/2012,1700.25,53.32,165.28
3/9/2012,1712.59,53.24,166.3799
3/12/2012,1700.03,52.37,165.07
3/13/2012,1674.89,52.11,162.3
3/14/2012,1642.1,50.12,159.57
3/15/2012,1657.73,50.14,161.08
3/16/2012,1660.04,49.93,161.3
3/19/2012,1662.55,49.6,161.59
3/20/2012,1648.35,49.86,160.13
3/21/2012,1649.89,49.76,160.21
3/22/2012,1642.85,48.75,159.57
3/23/2012,1661.73,49.76,161.5329
3/26/2012,1689.37,50.63,164.4
3/27/2012,1679.44,49.91,163.24
3/28/2012,1661.57,48.9299,161.51
3/29/2012,1660.88,49.06,161.28
3/30/2012,1668.29,49.54,162.12
4/2/2012,1677.25,50.39,162.94
4/3/2012,1644.83,48.752,159.89
4/4/2012,1619.73,46.705,157.21
4/5/2012,1630.64,46.2,158.31
4/6/2012,1637.99,,
4/9/2012,1640.78,46.48,159.37
4/10/2012,1659.85,47.0391,161.1
4/11/2012,1657.45,46.495,161.065
4/12/2012,1674.98,48.155,162.7
4/13/2012,1658.39,47.5,160.85
4/16/2012,1651.6,46.64,160.46
4/17/2012,1649.29,47.13,160.27
4/18/2012,1640.07,46.63,159.31
4/19/2012,1641.6,46.61,159.43
4/20/2012,1642.09,46.12,159.54
4/23/2012,1636.7,45.04,159.07
4/24/2012,1640.39,45.14,159.3
4/25/2012,1644.13,46.29,159.62
4/26/2012,1654.9,46.25,161.03
4/27/2012,1661.44,46.8,161.38
4/30/2012,1663.88,46.39,161.88
5/1/2012,1660.1,46.44,161.32
5/2/2012,1652.89,45.66,160.59
5/3/2012,1635.29,43.88,158.97
5/4/2012,1642.42,44.05,159.47
5/7/2012,1637.15,43.67,159.08
5/8/2012,1604.39,42.17,156
5/9/2012,1588.86,43.02,154.47
5/10/2012,1593.26,43.09,154.77
5/11/2012,1579.44,42.42,153.56
5/14/2012,1556.35,40.97,151.33
5/15/2012,1543.95,39.34,149.74
5/16/2012,1538.05,39.56,149.46
5/17/2012,1572,41.34,152.8
5/18/2012,1591.8,41.62,154.55
5/21/2012,1590.65,43.01,154.65
5/22/2012,1566.95,42.54,152.08
5/23/2012,1560,44.44,151.62
5/24/2012,1557,44.63,151.41
5/25/2012,1572.84,44.91,152.68
5/28/2012,1572.83,,
5/29/2012,1555.25,44.09,151.02
5/30/2012,1561.84,44.24,151.91
5/31/2012,1558.7,43.78,151.62
6/1/2012,1625.64,46.58,157.5
6/4/2012,1616.4,47.33,157.32
6/5/2012,1616.49,47.53,157.14
6/6/2012,1619.79,47.62,157.21
6/7/2012,1588.39,45.99,154.5
6/8/2012,1593.84,46.33,154.73
6/11/2012,1596.05,45.66,155.36
6/12/2012,1609.44,46.76,156.4594
6/13/2012,1617.74,46.79,157.12
6/14/2012,1622.92,46.93,157.75
6/15/2012,1626.26,46.92,157.84
6/18/2012,1627.79,47.73,157.93
6/19/2012,1617.46,47.68,157.16
6/20/2012,1605.29,47.27,155.97
6/21/2012,1564.69,44.82,152.015
6/22/2012,1571.54,44.58,152.64
6/25/2012,1583.99,45.16,153.76
6/26/2012,1571.54,44.45,152.62
6/27/2012,1573.69,44.28,152.83
6/28/2012,1551.29,43.31,151.05
6/29/2012,1598.2,44.77,155.19
7/2/2012,1595.74,44.76,155.09
7/3/2012,1614.65,46.45,157.46
7/4/2012,1615.13,,
7/5/2012,1602.75,45.77,155.68
7/6/2012,1582.29,44.43,153.71
7/9/2012,1586.65,44.25,154.04
7/10/2012,1564.5,42.87,152.15
7/11/2012,1576.29,41.971,152.99
7/12/2012,1571.79,41.71,152.59
7/13/2012,1588.44,42.31,154.14
7/16/2012,1588.85,42.16,154.21
7/17/2012,1581.25,41.7,153.47
7/18/2012,1572.3,41.12,153.05
7/19/2012,1580.55,41.59,153.38
7/20/2012,1582.73,41.725,153.67
7/23/2012,1575.4,40.7,153.03
7/24/2012,1579.94,40.72,153.52
7/25/2012,1603.88,41.96,155.67
7/26/2012,1615.59,42.83,156.77
7/27/2012,1622.78,43.13,157.54
7/30/2012,1620.49,43.72,157.43
7/31/2012,1613.29,42.83,156.49
8/1/2012,1598.59,42.25,155.14
8/2/2012,1589.74,42.04,154.13
8/3/2012,1603.8,42.86,155.55
8/6/2012,1610.39,43.73,156.3
8/7/2012,1610.68,44.23,156.28
8/8/2012,1611.29,43.99,156.48
8/9/2012,1617.09,44.56,156.99
8/10/2012,1619.55,44.85,157.18
8/13/2012,1609.54,44.24,155.99
8/14/2012,1598.04,43.93,155.13
8/15/2012,1602.88,44.15,155.63
8/16/2012,1614.3,45.65,156.56
8/17/2012,1615.3,45.34,156.72
8/20/2012,1620.09,45.62,157.26
8/21/2012,1637.89,46.38,158.83
8/22/2012,1653.39,47.5,160.54
8/23/2012,1670.04,47.42,161.89
8/24/2012,1669.85,47.57,161.97
8/27/2012,1663.6,46.9,161.36
8/28/2012,1666.53,46.85,161.64
8/29/2012,1655.94,46.39,160.59
8/30/2012,1655.54,46.02,160.52
8/31/2012,1690.54,47.94,164.22
9/3/2012,1691.79,,
9/4/2012,1694.4,47.77,164.48
9/5/2012,1693.04,47.93,164.31
9/6/2012,1701.04,49.13,164.89
9/7/2012,1736,50.46,168.44
9/10/2012,1725.19,49.48,167.29
9/11/2012,1731.64,49.81,167.9
9/12/2012,1731,50.01,167.92
9/13/2012,1766.29,52.52,171.31
9/14/2012,1771.98,53.86,171.8
9/17/2012,1760.95,53.89,170.4
9/18/2012,1770.34,54.32,171.72
9/19/2012,1769.19,54.79,171.74
9/20/2012,1766.09,54.36,171.47
9/21/2012,1772.44,54.81,171.96
9/24/2012,1763.65,52.955,171.05
9/25/2012,1760.04,52.17,170.77
9/26/2012,1751.59,52.4,169.81
9/27/2012,1777.29,53.89,172.34
9/28/2012,1770.69,53.69,171.89
10/1/2012,1773.79,53.925,172.295
10/2/2012,1777.39,53.59,172.1
10/3/2012,1778.54,52.72,172.41
10/4/2012,1788.55,54.25,173.61
10/5/2012,1780.48,53.65,172.62
10/8/2012,1774.29,53.23,172.05
10/9/2012,1763.54,52.08,170.99
10/10/2012,1761.94,52.48,170.84
10/11/2012,1768.19,52.49,171.32
10/12/2012,1753.75,51.66,170.06
10/15/2012,1735.49,51.64,168.35
10/16/2012,1747.19,52.67,169.42
10/17/2012,1749.69,53.1103,169.54
10/18/2012,1741.09,51.52,168.7891
10/19/2012,1720.4,51.73,166.97
10/22/2012,1728.84,52.43,167.58
10/23/2012,1708.09,50.96,165.4258
10/24/2012,1701.93,50.063,164.8603
10/25/2012,1711.19,51.59,166.02
10/26/2012,1710.74,51.24,165.93
10/29/2012,1709.24,,
10/30/2012,1708.88,,
10/31/2012,1720.05,52.9,166.83
11/1/2012,1714.09,52.01,166.07
11/2/2012,1677.35,49.76,162.6
11/5/2012,1683.99,49.39,163.23
11/6/2012,1715.34,50.34,166.3
11/7/2012,1716.31,51.07,166.49
11/8/2012,1729.99,51.41,167.99
11/9/2012,1730.86,50.67,167.82
11/12/2012,1727.74,50.04,167.45
11/13/2012,1724.89,49.48,167.1
11/14/2012,1726.05,47.225,167.14
11/15/2012,1715.19,45.97,166.09
11/16/2012,1713.09,46.47,165.88
11/19/2012,1731.5,47.765,167.87
11/20/2012,1728.04,47.36,167.39
11/21/2012,1728.53,48.08,167.56
11/22/2012,1729.05,,
11/23/2012,1752.5,48.74,169.61
11/26/2012,1748.49,48.75,169.43
11/27/2012,1741.65,47.46,168.71
11/28/2012,1719.31,47.9,166.55
11/29/2012,1724.79,48.04,167.1817
11/30/2012,1714.4,47.55,166.05
12/3/2012,1714.85,46.48,166.1267
12/4/2012,1696.74,46.645,164.42
12/5/2012,1693.41,45.3498,164.12
12/6/2012,1698.62,45.55,164.5
12/7/2012,1703.04,45.9301,165.165
12/10/2012,1709.85,46.52,165.8
12/11/2012,1709.7,46.28,165.65
12/12/2012,1711.55,47.63,165.77
12/13/2012,1696.69,46.34,164.37
12/14/2012,1695.03,46.48,164.13
12/17/2012,1697.42,46.51,164.44
12/18/2012,1669.54,45.75,162.08
12/19/2012,1666.56,45.36,161.69
12/20/2012,1647.14,45.07,159.73
12/21/2012,1656.61,45.18,160.33
12/24/2012,1656.99,44.85,160.62
12/25/2012,1658.29,,
12/26/2012,1659.76,45.15,160.78
12/27/2012,1663.29,45.44,161.16
12/28/2012,1654.9,44.93,160.54
12/31/2012,1674.34,46.39,162.0204
1/1/2013,1674.54,,
1/2/2013,1686.35,47.1,163.17
1/3/2013,1662.95,45.1403,161.2
1/4/2013,1656.24,45.33,160.44
1/7/2013,1646.64,44.48,159.43
1/8/2013,1658.6,44.65,160.56
1/9/2013,1657.29,44.36,160.49
1/10/2013,1674.64,45.41,161.98
1/11/2013,1662.44,45.4,161.06
1/14/2013,1666.8,45.23,161.54
1/15/2013,1678.5,45.59,162.558
1/16/2013,1678.89,45.21,162.65
1/17/2013,1687.26,45,163.35
1/18/2013,1683.34,45.11,163.09
1/21/2013,1689.55,,
1/22/2013,1691.6,45.82,163.67
1/23/2013,1685.14,44.56,163.21
1/24/2013,1667.36,43.23,161.42
1/25/2013,1658.31,41.92,160.65
1/28/2013,1654.34,41.48,160.29
1/29/2013,1663.45,42.25,160.99
1/30/2013,1676.7,41.96,162.19
1/31/2013,1662.99,41.62,161.2
2/1/2013,1666.54,42.22,161.45
2/4/2013,1674,42.34,162
2/5/2013,1672.6,42.26,161.96
2/6/2013,1677.11,42.54,162.39
2/7/2013,1670.69,42.6,161.84
2/8/2013,1666.89,42.32,161.57
2/11/2013,1649.36,41.47,159.7
2/12/2013,1650.4,41.92,159.89
2/13/2013,1642.36,41.2,159.05
2/14/2013,1634.46,41.36,158.348
2/15/2013,1609.06,39.89,155.76
2/18/2013,1609.55,,
2/19/2013,1604.21,39.37,155.33
2/20/2013,1562.29,37.45,151.44
2/21/2013,1575.66,38.12,152.62
2/22/2013,1580.3,37.93,152.97
2/25/2013,1593.86,38.57,154.34
2/26/2013,1613.11,39.05,156.22
2/27/2013,1597.21,38.26,154.57
2/28/2013,1579.76,37.4,153
3/1/2013,1574.86,37.11,152.44
3/4/2013,1573.34,35.91,152.3
3/5/2013,1575.06,35.93,152.38
3/6/2013,1583.31,37.44,153.23
3/7/2013,1578.4,36.91,152.69
3/8/2013,1577.74,37.11,152.71
3/11/2013,1580.39,36.96,152.99
3/12/2013,1592.09,37.88,154.19
3/13/2013,1587.29,36.87,153.66
3/14/2013,1589.8,37.25,153.68
3/15/2013,1591.84,37.338,154.001
3/18/2013,1604.8,37.48,155.38
3/19/2013,1612.79,37.58,156.08
3/20/2013,1605.89,37.45,155.37
3/21/2013,1614.09,38.43,156.246
3/22/2013,1607.95,38.16,155.55
3/25/2013,1604.9,37.67,155.24
3/26/2013,1598.59,37.38,154.72
3/27/2013,1604.79,38,155.36
3/28/2013,1596.17,37.85,154.47
3/29/2013,,,
4/1/2013,1598.4,37.45,154.67
4/2/2013,1575.24,35.88,152.43
4/3/2013,1557.35,34.25,150.73
4/4/2013,1552.71,35.22,150.29
4/5/2013,1581.5,35.06,152.81
4/8/2013,1573.09,34.65,152.16
4/9/2013,1584.7,36.03,153.34
4/10/2013,1558.14,34.65,150.75
4/11/2013,1560.74,34.18,151.05
4/12/2013,1478.35,32.22,143.95
4/15/2013,1352.75,29.02,131.31
4/16/2013,1367.79,28.82,132.8
4/17/2013,1376.5,27.38,132.87
4/18/2013,1390.75,28.22,134.3
4/19/2013,1403.85,28.59,135.47
4/22/2013,1425.14,28.97,137.9
4/23/2013,1412.24,28.32,136.88
4/24/2013,1430.8,30.23,138.3699
4/25/2013,1466.99,30.58,141.63
4/26/2013,1462.5,29.46,140.91
4/29/2013,1475.79,29.91,142.3
4/30/2013,1476.6,30.36,142.77
5/1/2013,1456.74,29.65,141.11
5/2/2013,1466.24,29.63,141.92
5/3/2013,1470.2,29.69,142.09
5/6/2013,1468.89,29.73,142.15
5/7/2013,1451.99,28.85,140.38
5/8/2013,1472.19,30.44,142.46
5/9/2013,1457.7,29.85,140.81
5/10/2013,1447.7,29.81,139.6
5/13/2013,1430.05,29.03,138.43
5/14/2013,1425.39,28.71,137.81
5/15/2013,1392.29,27.4,134.63
5/16/2013,1385.69,27.48,134.09
5/17/2013,1358.7,26.38,131.07
5/20/2013,1393.65,28.02,135.12
5/21/2013,1375.44,27.32,132.88
5/22/2013,1368.54,27.67,131.94
5/23/2013,1390.7,27.87,134.61
5/24/2013,1385.55,27.5,133.76
5/27/2013,1394.28,,
5/28/2013,1379.85,27.22,133.49
5/29/2013,1392.45,28.5,134.83
5/30/2013,1413.25,30.06,136.7
5/31/2013,1386.4,29.4999,133.92
6/3/2013,1411.1,30.36,136.51
6/4/2013,1399.04,29.84,135.23
6/5/2013,1402.8,29.93,135.52
6/6/2013,1413.15,30.3,136.53
6/7/2013,1383.89,28.99,133.28
6/10/2013,1386.4,29.09,133.94
6/11/2013,1378.99,28.13,133.25
6/12/2013,1387.79,28.35,134.25
6/13/2013,1385.44,28.63,133.74
6/14/2013,1390.2,28.12,134.43
6/17/2013,1384.35,28.19,133.77
6/18/2013,1367.79,27.38,132.13
6/19/2013,1350.69,26.51,130.59
6/20/2013,1277.39,24.55,123.6
6/21/2013,1296.75,24.9,125.05
6/24/2013,1281.29,23.75,123.93
6/25/2013,1276.74,23.66,123.47
6/26/2013,1225.24,22.22,118.28
6/27/2013,1199.79,22.79,115.94
6/28/2013,1233.14,24.49,119.11
7/1/2013,1252.8,24.89,121.13
7/2/2013,1241.39,23.75,120.05
7/3/2013,1251.19,24.18,120.74
7/4/2013,1249.19,,
7/5/2013,1223.31,23.42,118.09
7/8/2013,1235.89,22.9,119.51
7/9/2013,1248.84,23.22,120.62
7/10/2013,1263.64,23.19,120.95
7/11/2013,1284.69,24.97,124.24
7/12/2013,1284.29,24.37,124.13
7/15/2013,1281.99,24.29,124.18
7/16/2013,1291.99,25.65,124.89
7/17/2013,1275.39,24.88,123.32
7/18/2013,1284.49,24.7801,124.01
7/19/2013,1295.74,25.86,125.11
7/22/2013,1335.04,27.44,128.84
7/23/2013,1347.49,28.35,129.71
7/24/2013,1320.69,26.95,127.48
7/25/2013,1333.04,27.21,128.67
7/26/2013,1333.29,27.578,128.78
7/29/2013,1326.99,27.23,128.47
7/30/2013,1326.69,27.06,128.12
7/31/2013,1322.49,26.99,127.96
8/1/2013,1308.84,26.17,126.61
8/2/2013,1311.5,25.59,126.36
8/5/2013,1303.34,25.43,125.7
8/6/2013,1281.29,24.03,123.97
8/7/2013,1287.14,23.94,124.15
8/8/2013,1311.39,26,126.86
8/9/2013,1314,26.47,126.86
8/12/2013,1335.79,28.01,129.13
8/13/2013,1320.69,27.19,127.74
8/14/2013,1334.59,28.7,129
8/15/2013,1365.55,30.43,131.69
8/16/2013,1375.79,29.79,132.58
8/19/2013,1365.48,29.23,132.01
8/20/2013,1370.67,30.33,132.45
8/21/2013,1365.74,28.93,132.07
8/22/2013,1375.24,29.37,132.81
8/23/2013,1396.35,30.14,134.9
8/26/2013,1404.4,30.41,135.45
8/27/2013,1416.04,29.1,136.75
8/28/2013,1417.64,28.3,136.71
8/29/2013,1407.64,28.54,135.87
8/30/2013,1395.69,28.13,134.62
9/2/2013,1394.29,,
9/3/2013,1412.04,28.4,136.42
9/4/2013,1390.84,28.58,134.66
9/5/2013,1366.99,27.53,132.2
9/6/2013,1390.87,28.01,134.15
9/9/2013,1386.19,27.65,133.91
9/10/2013,1363.59,26.57,131.74
9/11/2013,1366.14,26.79,131.7
9/12/2013,1320.19,25.29,127.67
9/13/2013,1326.26,25.63,127.82
9/16/2013,1313.39,25.39,126.45
9/17/2013,1309.04,25.93,126.5
9/18/2013,1364.54,28.251,132.01
9/19/2013,1364.39,27.36,131.75
9/20/2013,1324.99,25.76,127.96
9/23/2013,1321.54,25.17,127.55
9/24/2013,1322.59,25.08,127.66
9/25/2013,1332.99,25.52,128.79
9/26/2013,1323.09,25.11,127.79
9/27/2013,1335.71,25.17,128.97
9/30/2013,1326.94,25.02,128.18
10/1/2013,1285.99,24.41,124.59
10/2/2013,1314.64,24.49,127.06
10/3/2013,1316.69,24.26,127.18
10/4/2013,1310.79,24.19,126.53
10/7/2013,1321.29,24.59,127.64
10/8/2013,1318.3,23.82,127.4
10/9/2013,1306.59,23.92,126.11
10/10/2013,1285.57,23.555,124.27
10/11/2013,1272.62,23.05,122.6
10/14/2013,1272.79,23.11,122.83
10/15/2013,1280.19,23.76,123.73
10/16/2013,1280.99,23.28,123.54
10/17/2013,1319.09,24.5,127.42
10/18/2013,1315.75,24.38,126.85
10/21/2013,1315.14,24.93,126.98
10/22/2013,1340.04,26.02,129.34
10/23/2013,1331.74,25.18,128.69
10/24/2013,1346.54,26.13,129.9
10/25/2013,1351.74,26.32,130.46
10/28/2013,1351.59,26.54,130.56
10/29/2013,1343.69,25.78,129.77
10/30/2013,1342.19,26.225,129.6
10/31/2013,1323.19,25.1,127.74
11/1/2013,1314.74,24.08,126.95
11/4/2013,1314.36,24.81,126.81
11/5/2013,1310.99,24.49,126.56
11/6/2013,1317.79,24.785,127.2
11/7/2013,1307.55,24.14,126.16
11/8/2013,1287.8,24.28,124.279
11/11/2013,1282.82,24.3,123.87
11/12/2013,1267.61,23.78,122.45
11/13/2013,1278.61,23.91,122.85
11/14/2013,1287.01,24.55,124.27
11/15/2013,1289.66,24.13,124.32
11/18/2013,1273.74,23.665,122.9
11/19/2013,1274.64,23.69,122.95
11/20/2013,1242.59,22.85,120.12
11/21/2013,1242.35,22.53,119.94
11/22/2013,1242.99,22.25,119.92
11/25/2013,1252.21,22.2,120.46
11/26/2013,1242.9,21.66,119.82
11/27/2013,1236.79,21.81,119.46
11/28/2013,1243.54,,
11/29/2013,1251.99,22.28,120.7
12/2/2013,1219.66,20.9,117.58
12/3/2013,1223.51,20.57,117.96
12/4/2013,1243.21,21.22,119.96
12/5/2013,1224.42,20.67,118.3
12/6/2013,1228.24,20.66,118.55
12/9/2013,1240.56,21.21,119.72
12/10/2013,1260.25,22.03,121.82
12/11/2013,1251.35,21.19,120.86
12/12/2013,1223.6,21.01,118.29
12/13/2013,1237.8,21.11,119.38
12/16/2013,1240.08,21.38,119.69
12/17/2013,1229.6,21.19,118.65
12/18/2013,1217.62,20.86,117.61
12/19/2013,1189.6,20.5,114.82
12/20/2013,1202.64,20.53,115.94
12/23/2013,1198.61,20.39,115.57
12/24/2013,1203.39,21.03,116.1
12/25/2013,1204.4,,
12/26/2013,1210.3,21.05,116.74
12/27/2013,1212.81,21.25,117.12
12/30/2013,1196,20.64,115.39
12/31/2013,1204.94,21.13,116.12
1/1/2014,1205.29,,
1/2/2014,1224.51,22.03,118
1/3/2014,1236.16,21.83,119.29
1/6/2014,1237.59,21.93,119.5
1/7/2014,1231.49,21.97,118.82
1/8/2014,1225.71,21.61,118.12
1/9/2014,1227.49,21.27,118.46
1/10/2014,1246.7,22.01,120.26
1/13/2014,1253.06,22.65,121.02
1/14/2014,1244.71,22.1,119.89
1/15/2014,1241.36,22.39,119.66
1/16/2014,1242.1,22.62,119.79
1/17/2014,1253.33,23.33,120.93
1/20/2014,1253.19,,
1/21/2014,1241.11,23.7,119.7
1/22/2014,1236.05,23.09,119.19
1/23/2014,1263.95,23.72,121.79
1/24/2014,1268.64,23.67,122.29
1/27/2014,1256.6,22.89,120.96
1/28/2014,1256.09,23.4,120.95
1/29/2014,1267.79,24.01,122.47
1/30/2014,1243.25,23.49,119.77
1/31/2014,1243.19,23.48,120.09
2/3/2014,1257.2,23.3,121.32
2/4/2014,1254.52,23.59,120.99
2/5/2014,1257.54,23.21,121.29
2/6/2014,1257.26,23.19,121.24
2/7/2014,1266.58,23.91,122.17
2/10/2014,1274.29,24.7,122.92
2/11/2014,1291.46,25.65,124.36
2/12/2014,1290.64,24.77,124.43
2/13/2014,1302.3,25.87,125.49
2/14/2014,1318.5,26.35,127.15
2/17/2014,1328.49,,
2/18/2014,1320.99,26.46,127.4
2/19/2014,1311.32,25.63,126.27
2/20/2014,1322.51,26.67,127.6
2/21/2014,1323.01,26.53,127.58
2/24/2014,1336.6,26.7,128.99
2/25/2014,1340.14,26.33,129.21
2/26/2014,1330.7,26.05,128.11
2/27/2014,1331.06,25.97,128.2
2/28/2014,1325.79,25.88,127.62
3/3/2014,1350.29,26.3,130.29
3/4/2014,1334.5,26.1,128.68
3/5/2014,1337.01,26.5,128.89
3/6/2014,1350.74,26.79,130.17
3/7/2014,1339.85,26.18,129.09
3/10/2014,1338.54,25.97,129.13
3/11/2014,1349.34,26.13,129.86
3/12/2014,1366.58,26.92,131.76
3/13/2014,1369.99,27.63,132.21
3/14/2014,1381.74,27.73,133.1
3/17/2014,1366.34,26.8,131.64
3/18/2014,1355.64,26.43,130.62
3/19/2014,1330.84,25.44,128.09
3/20/2014,1327.89,25.47,127.86
3/21/2014,1333.94,25.52,128.47
3/24/2014,1309.12,24.325,126.18
3/25/2014,1310.44,24.48,126.41
3/26/2014,1303.49,23.49,125.41
3/27/2014,1290.64,23.82,124.59
3/28/2014,1293.5,24.1,124.56
3/31/2014,1283.64,23.605,123.61
4/1/2014,1279,23.69,123.39
4/2/2014,1289.19,24.32,124.32
4/3/2014,1287,24.07,123.92
4/4/2014,1302.12,24.26,125.57
4/7/2014,1296.04,24.26,124.91
4/8/2014,1308.22,24.88,126.09
4/9/2014,1311.4,25.07,126.32
4/10/2014,1318.42,24.57,127.01
4/11/2014,1317.97,24.22,126.93
4/14/2014,1326.1,24.52,127.85
4/15/2014,1302.04,24.02,125.49
4/16/2014,1302.4,23.8,125.54
4/17/2014,1294.35,23.57,124.75
4/18/2014,1293.65,,
4/21/2014,1289.54,23.51,124.24
4/22/2014,1283,23.79,123.78
4/23/2014,1283.29,24.27,123.76
4/24/2014,1293.24,23.935,124.56
4/25/2014,1302.84,24.46,125.43
4/28/2014,1295.6,23.99,124.88
4/29/2014,1295.98,24.31,124.86
4/30/2014,1291.29,24.11,124.22
5/1/2014,1283.49,23.79,123.8
5/2/2014,1299.82,24.32,125.06
5/5/2014,1309.5,24.41,126.22
5/6/2014,1307.04,24.28,125.98
5/7/2014,1288.94,23.81,124.17
5/8/2014,1289,23.77,124.17
5/9/2014,1288.83,23.73,124.1
5/12/2014,1295.3,23.93,124.94
5/13/2014,1292.74,23.75,124.6
5/14/2014,1305,24.01,125.81
5/15/2014,1296,23.62,124.77
5/16/2014,1293.09,23.42,124.5
5/19/2014,1291.6,23.41,124.58
5/20/2014,1293.8,23.39,124.69
5/21/2014,1291.4,23.45,124.39
5/22/2014,1293.5,23.39,124.67
5/23/2014,1292.61,23.31,124.51
5/26/2014,1292.74,,
5/27/2014,1263.39,22.41,121.85
5/28/2014,1258.14,22.04,121.2
5/29/2014,1255.6,22.24,120.94
5/30/2014,1250.69,22.5,120.43
6/2/2014,1244,22.29,119.7
6/3/2014,1244.2,22.37,120.01
6/4/2014,1242.8,22.28,119.76
6/5/2014,1253.29,22.65,120.66
6/6/2014,1252.23,22.64,120.61
6/9/2014,1251.58,22.55,120.65
6/10/2014,1260.49,23.03,121.39
6/11/2014,1260.24,23.41,121.41
6/12/2014,1272.86,24.03,122.64
6/13/2014,1276.5,24.11,122.96
6/16/2014,1271.29,23.98,122.42
6/17/2014,1271.19,24.12,122.28
6/18/2014,1277.5,24.76,122.67
6/19/2014,1319.7,26.09,126.94
6/20/2014,1314.32,25.82,126.5
6/23/2014,1317.79,26.27,126.85
6/24/2014,1317.6,25.47,126.98
6/25/2014,1319,25.76,126.99
6/26/2014,1317.6,25.95,126.73
6/27/2014,1315.04,25.98,126.66
6/30/2014,1327.19,26.45,128.04
7/1/2014,1325.44,26.24,127.7
7/2/2014,1327.14,26.48,127.7
7/3/2014,1319.49,26.5,127.16
7/4/2014,1320.05,,
7/7/2014,1319.89,26.04,127.02
7/8/2014,1318.6,26.46,127.07
7/9/2014,1325.6,27.15,127.84
7/10/2014,1334.9,26.61,128.54
7/11/2014,1337.84,27.32,128.78
7/14/2014,1306.84,26.598,125.72
7/15/2014,1294.1,25.78,124.53
7/16/2014,1298.87,26.28,124.97
7/17/2014,1317.3,26.99,127.0899
7/18/2014,1310.59,26.9399,126.13
7/21/2014,1311.59,26.9,126.34
7/22/2014,1307,26.59,125.74
7/23/2014,1303.84,26.49,125.62
7/24/2014,1293,26.08,124.35
7/25/2014,1307.79,26.82,125.791
7/28/2014,1303.99,26.99,125.58
7/29/2014,1298.1,26.76,125.2
7/30/2014,1294.7,26.47,124.83
7/31/2014,1282.09,25.91,123.39
8/1/2014,1293.6,26.2,124.38
8/4/2014,1288.04,25.95,123.99
8/5/2014,1287.74,26.1,123.87
8/6/2014,1305.99,26.689,125.67
8/7/2014,1313.2,26.76,126.18
8/8/2014,1309.34,26.78,126.19
8/11/2014,1307.84,26.97,125.96
8/12/2014,1308.34,27.43,125.99
8/13/2014,1312.36,27.395,126.2
8/14/2014,1312.74,27.13,126.31
8/15/2014,1304.39,26.82,125.483
8/18/2014,1297.19,26.99,124.96
8/19/2014,1295.29,26.69,124.68
8/20/2014,1291.94,26.66,124.22
8/21/2014,1276.99,26.07,122.88
8/22/2014,1280.83,26.1,123.19
8/25/2014,1276.34,25.62,122.74
8/26/2014,1280.64,26.19,123.35
8/27/2014,1282.45,26.11,123.3199
8/28/2014,1289.74,26.46,124
8/29/2014,1287.07,26.69,123.86
9/1/2014,1287.04,,
9/2/2014,1265.4,25.81,121.65
9/3/2014,1268.57,25.7824,122.15
9/4/2014,1260.84,24.88,121.48
9/5/2014,1268.59,25.07,122.06
9/8/2014,1255.44,24.19,120.73
9/9/2014,1255.94,24.56,120.87
9/10/2014,1248.4,24.1,120.26
9/11/2014,1240.49,24.27,119.472
9/12/2014,1228.13,23.88,118.38
9/15/2014,1232.74,23.91,118.64
9/16/2014,1234.94,24,118.83
9/17/2014,1222.99,23.43,117.54
9/18/2014,1225.19,23.13,117.78
9/19/2014,1216.19,22.66,117.09
9/22/2014,1214.69,22.18,116.85
9/23/2014,1222.69,22.54,117.6
9/24/2014,1216.69,22.21,117.05
9/25/2014,1222.44,22.35,117.39
9/26/2014,1219.01,21.98,117.06
9/29/2014,1215.69,21.75,117.03
9/30/2014,1208.74,21.357,116.21
10/1/2014,1213.39,21.4,116.77
10/2/2014,1213.3,21.62,116.74
10/3/2014,1190.7,20.63,114.61
10/6/2014,1206.65,21.16,116.03
10/7/2014,1208.74,20.42,116.36
10/8/2014,1221.2,21.94,117.4701
10/9/2014,1223.75,21.22,117.64
10/10/2014,1222.98,20.77,117.59
10/13/2014,1236.8,21.12,118.52
10/14/2014,1232.35,21.37,118.59
10/15/2014,1240.57,21.45,118.99
10/16/2014,1238.7,21.36,119.22
10/17/2014,1237.69,20.69,118.99
10/20/2014,1246.1,21.2,119.8
10/21/2014,1249.14,21.1,120.02
10/22/2014,1240.55,20.4399,119.34
10/23/2014,1231.89,20.56,118.52
10/24/2014,1230.96,20.47,118.35
10/27/2014,1225.14,20.11,118.06
10/28/2014,1227.7,20.53,118.1
10/29/2014,1211.54,19.64,116.41
10/30/2014,1198.64,18.2,115.19
10/31/2014,1173.92,17.21,112.66
11/3/2014,1164.88,17.91,112.15
11/4/2014,1167.9,17.21,112.22
11/5/2014,1141.1,16.59,109.79
11/6/2014,1140.9,17.21,109.88
11/7/2014,1176.25,18.64,112.97
11/10/2014,1150.13,17.45,110.46
11/11/2014,1164.4,18.22,112.04
11/12/2014,1160.45,18.24,111.5
11/13/2014,1161.58,17.94,111.67
11/14/2014,1187.85,19.02,114.47
11/17/2014,1186.24,19.39,114.05
11/18/2014,1197.25,20.3,115.05
11/19/2014,1182.83,19.1899,113.68
11/20/2014,1193.44,19.71,114.86
11/21/2014,1201.09,19.875,115.39
11/24/2014,1197.1,19.59,115.11
11/25/2014,1200.69,20.39,115.38
11/26/2014,1197.59,20.1,115.16
11/27/2014,1191.25,,
11/28/2014,1167.04,18.36,112.11
12/1/2014,1210.43,19.715,116.58
12/2/2014,1198.56,19.2,115.14
12/3/2014,1209.19,19.25,116.33
12/4/2014,1205.32,19.2,115.88
12/5/2014,1191.64,18.75,114.43
12/8/2014,1202.8,18.89,115.78
12/9/2014,1230.39,19.77,118.19
12/10/2014,1226.7,19.21,117.96
12/11/2014,1227.55,18.995,117.69
12/12/2014,1222.21,18.65,117.41
12/15/2014,1192.21,17.34,114.39
12/16/2014,1196.21,17.1,114.95
12/17/2014,1188.2,17.98,114.27
12/18/2014,1197.65,18.76,115.15
12/19/2014,1195.35,18.53,114.77
12/22/2014,1174.66,17.46,112.55
12/23/2014,1175.2,17.3,112.74
12/24/2014,1173.3,17.77,112.77
12/25/2014,,,
12/26/2014,1194.65,18.24,114.83
12/29/2014,1182.71,17.82,113.67
12/30/2014,1199.86,18.45,115.2
12/31/2014,1183.55,18.38,113.58
1/1/2015,1181.6,,
1/2/2015,1188.68,18.94,114.08
1/5/2015,1203.7,19.44,115.8
1/6/2015,1218.45,20.47,117.12
1/7/2015,1210.05,20.09,116.43
1/8/2015,1208.63,19.79,115.94
1/9/2015,1222.65,20.71,117.26
1/12/2015,1233.26,21.49,118.56
1/13/2015,1230.36,20.55,118.16
1/14/2015,1229.55,20.31,117.97
1/15/2015,1261.16,21.48,120.94
1/16/2015,1279.81,22.16,122.52
1/19/2015,1276.7,,
1/20/2015,1293.56,22.94,124.2
1/21/2015,1293.06,22.54,124.23
1/22/2015,1301.23,22.42,125.23
1/23/2015,1294.15,21.74,124.23
1/26/2015,1280.86,22.15,122.99
1/27/2015,1292.08,22.88,124.4
1/28/2015,1284.35,21.97,123.42
1/29/2015,1256.5,21.59,120.76
1/30/2015,1282.8,22.29,123.45
2/2/2015,1274.69,22.45,122.42
2/3/2015,1259.71,21.87,121.05
2/4/2015,1269.65,22.27,121.58
2/5/2015,1264.4,22.58,121.79
2/6/2015,1233.22,21.33,118.64
2/9/2015,1238.93,21.69,119.17
2/10/2015,1233.8,21.28,118.47
2/11/2015,1218.66,20.86,117.07
2/12/2015,1222.2,21.15,117.34
2/13/2015,1229.2,21.26,117.98
2/16/2015,1231.1,,
2/17/2015,1209,20.57,116.01
2/18/2015,1212.61,21.04,116.34
2/19/2015,1207.05,20.54,115.94
2/20/2015,1201.91,20.45,115.28
2/23/2015,1201.42,20.54,115.43
2/24/2015,1199.51,20.42,115.26
2/25/2015,1204.4,20.79,115.7
2/26/2015,1208.3,20.96,116.07
2/27/2015,1212.55,21.28,116.16
3/2/2015,1206.7,20.76,115.68
3/3/2015,1203.31,20.38,115.47
3/4/2015,1199.45,20.04,115.11
3/5/2015,1198.2,20.08,115
3/6/2015,1166.72,18.58,111.86
3/9/2015,1166.55,17.91,111.97
3/10/2015,1161.18,17.67,111.42
3/11/2015,1154.05,18.2,110.75
3/12/2015,1153.3,18.07,110.72
3/13/2015,1158.73,18.07,110.88
3/16/2015,1153.84,18.11,110.81
3/17/2015,1148.55,17.93,110.21
3/18/2015,1166.75,18.84,112.37
3/19/2015,1170.9,18.71,112.29
3/20/2015,1182.18,19.33,113.57
3/23/2015,1188.7,19.75,114.29
3/24/2015,1192.73,19.64,114.57
3/25/2015,1195.25,19.36,114.73
3/26/2015,1203.98,19.07,115.48
3/27/2015,1198.8,18.84,115.06
3/30/2015,1185.7,18.47,113.75
3/31/2015,1183.1,18.24,113.66
4/1/2015,1204,19.21,115.6
4/2/2015,1201.84,18.99,115.28
4/3/2015,1210.15,,
4/6/2015,1214.3,19.7,116.69
4/7/2015,1208.2,19.19,116.11
4/8/2015,1202.4,19.09,115.47
4/9/2015,1194.46,18.91,114.67
4/10/2015,1207.65,19.45,115.966
4/13/2015,1198.27,19.26,115.14
4/14/2015,1193.08,19.41,114.44
4/15/2015,1201.3,19.98,115.43
4/16/2015,1197.15,19.74,115.03
4/17/2015,1204.15,19.72,115.6
4/20/2015,1196.1,19.83,114.72
4/21/2015,1202.28,19.97,115.38
4/22/2015,1186.9,19.3101,113.83
4/23/2015,1193.6,19.78,114.66
4/24/2015,1178.87,19.36,113.05
4/27/2015,1201.55,19.76,115.33
4/28/2015,1211.6,20.53,116.33
4/29/2015,1204.3,20.72,115.51
4/30/2015,1183.85,20.11,113.47
5/1/2015,1178.1,20.27,113.08
5/4/2015,1187.8,20.41,114.1
5/5/2015,1192.83,20.22,114.42
5/6/2015,1191.3,19.71,114.36
5/7/2015,1184.3,19.83,113.42
5/8/2015,1187.65,19.97,113.97
5/11/2015,1183.7,20.02,113.53
5/12/2015,1193.1,20.29,114.5
5/13/2015,1215.23,20.78,116.55
5/14/2015,1221.12,20.82,117.18
5/15/2015,1223.1,20.72,117.53
5/18/2015,1225.24,20.75,117.52
5/19/2015,1207.34,20,115.89
5/20/2015,1209.17,20.08,116.08
5/21/2015,1205.95,19.94,115.69
5/22/2015,1205.88,19.83,115.6
5/25/2015,1206.8,,
5/26/2015,1186.55,19.245,113.91
5/27/2015,1187.4,19.44,113.89
5/28/2015,1187.7,19.6,114.02
5/29/2015,1189.75,19.58,114.1
6/1/2015,1188.65,19.49,114
6/2/2015,1193.34,19.78,114.46
6/3/2015,1184.75,19.41,113.64
6/4/2015,1176.05,19.07,112.84
6/5/2015,1171.25,18.83,112.24
6/8/2015,1173.45,19.02,112.57
6/9/2015,1176.2,18.78,112.82
6/10/2015,1185.98,18.96,113.78
6/11/2015,1181.8,18.74,113.26
6/12/2015,1180.3,18.55,113.23
6/15/2015,1185.9,18.59,113.73
6/16/2015,1181.45,18.33,113.32
6/17/2015,1185.05,18.86,113.85
6/18/2015,1200.92,19.1,115.32
6/19/2015,1199.76,18.64,115.12
6/22/2015,1184.7,18.33,113.64
6/23/2015,1177.94,18.38,112.89
6/24/2015,1174.8,18.36,112.59
6/25/2015,1172.83,18.17,112.44
6/26/2015,1174.58,18.09,112.56
6/29/2015,1179.95,17.9,113.07
6/30/2015,1172.2,17.76,112.37
7/1/2015,1168.5,17.28,111.98
7/2/2015,1165.75,17.63,111.76
7/3/2015,1167.44,,
7/6/2015,1169.65,17.85,112.06
7/7/2015,1155.15,16.98,110.76
7/8/2015,1157.85,16.86,111.09
7/9/2015,1159.15,16.93,111.36
7/10/2015,1163.56,16.75,111.49
7/13/2015,1157.6,16.8,110.99
7/14/2015,1155.03,16.69,110.74
7/15/2015,1149.25,16.31,110.16
7/16/2015,1144.65,16.15,109.76
7/17/2015,1133.6,15.42,108.65
7/20/2015,1096.55,13.76,105.7
7/21/2015,1101.01,14.12,105.37
7/22/2015,1092.95,14.08,104.8
7/23/2015,1090.4,13.62,104.33
7/24/2015,1098.35,14.08,105.35
7/27/2015,1094.02,13.57,104.86
7/28/2015,1094.95,13.69,105.02
7/29/2015,1096.31,13.97,105.17
7/30/2015,1087.49,13.46,104.27
7/31/2015,1095.4,13.75,104.93
8/3/2015,1085.75,13.27,104.1
8/4/2015,1087,13.29,104.31
8/5/2015,1084.65,13.09,103.93
8/6/2015,1089.01,13.37,104.39
8/7/2015,1093.8,13.4,104.65
8/10/2015,1104.11,14.29,105.72
8/11/2015,1108.61,14.52,106.26
8/12/2015,1124.9,15.52,107.75
8/13/2015,1114.65,14.64,106.86
8/14/2015,1113.7,14.49,106.85
8/17/2015,1117.26,15.04,107.13
8/18/2015,1117.61,14.77,107.11
8/19/2015,1134.06,15.2,108.55
8/20/2015,1152.76,15.82,110.44
8/21/2015,1160.65,15.39,111.13
8/24/2015,1154.65,14.13,110.53
8/25/2015,1140.25,13.67,109.16
8/26/2015,1125.15,13.04,107.67
8/27/2015,1125.31,13.79,107.73
8/28/2015,1133.56,14.25,108.7
8/31/2015,1134.1,14.11,108.82
9/1/2015,1139.7,13.67,109.2
9/2/2015,1133.65,13.63,108.62
9/3/2015,1124.85,13.38,107.84
9/4/2015,1122.6,13.39,107.49
9/7/2015,1119.1,,
9/8/2015,1121.4,13.55,107.52
9/9/2015,1105.7,13.13,106.13
9/10/2015,1111.15,13.12,106.38
9/11/2015,1107.5,13.21,106.16
9/14/2015,1108.4,13.07,106.22
9/15/2015,1105,13.11,105.9
9/16/2015,1119.15,13.89,107.31
9/17/2015,1131.2,14.27,108.41
9/18/2015,1139,14.48,109.21
9/21/2015,1133.1,14,108.53
9/22/2015,1124.6,13.36,107.79
9/23/2015,1130,13.26,108.22
9/24/2015,1153.62,14.22,110.49
9/25/2015,1145.86,13.98,109.81
9/28/2015,1131.65,13.32,108.42
9/29/2015,1127.06,13.41,107.98
9/30/2015,1114.6,13.74,106.86
10/1/2015,1113.16,13.41,106.73
10/2/2015,1137.74,14.49,108.99
10/5/2015,1135.6,15.12,108.77
10/6/2015,1146.7,15.68,109.86
10/7/2015,1145,15.61,109.7
10/8/2015,1138.56,15.41,109.14
10/9/2015,1157.13,16.26,110.87
10/12/2015,1163.6,15.78,111.31
10/13/2015,1168.4,15.87,111.86
10/14/2015,1184.81,16.9,113.81
10/15/2015,1182.7,16.89,113.29
10/16/2015,1176.9,16.39,112.49
10/19/2015,1170.3,15.7,112.02
10/20/2015,1175.7,16.33,112.73
10/21/2015,1166.7,15.85,111.73
10/22/2015,1165.65,16.12,111.69
10/23/2015,1163.86,16.52,111.5
10/26/2015,1162.8,16.01,111.43
10/27/2015,1166.55,16.04,111.68
10/28/2015,1155.7,15.89,110.78
10/29/2015,1145.51,15.12,109.72
10/30/2015,1142,14.96,109.3
11/2/2015,1133.35,15.02,108.59
11/3/2015,1117.21,14.94,106.98
11/4/2015,1107.06,14.62,105.97
11/5/2015,1103.55,14.08,105.64
11/6/2015,1088.26,13.46,104.1
11/9/2015,1091.71,13.83,104.4
11/10/2015,1089.51,13.47,104.18
11/11/2015,1085.76,13.65,103.83
11/12/2015,1084.65,13.47,103.85
11/13/2015,1083.26,13.619,103.56
11/16/2015,1082.46,13.74,103.71
11/17/2015,1069.96,13.08,102.34
11/18/2015,1070.76,13.49,102.43
11/19/2015,1082,13.97,103.56
11/20/2015,1077.71,13.4,103.09
11/23/2015,1068.94,13.33,102.26
11/24/2015,1075.11,13.84,102.94
11/25/2015,1071.01,13.71,102.46
11/26/2015,1071.3,,
11/27/2015,1058.41,13.45,101.25
11/30/2015,1064.02,13.76,101.92
12/1/2015,1069.11,14.16,102.28
12/2/2015,1053.31,13.79,100.69
12/3/2015,1062.17,14.083,101.76
12/4/2015,1086.61,14.83,104.02
12/7/2015,1069.99,14.2,102.67
12/8/2015,1074.31,14.08,102.84
12/9/2015,1072.81,14.27,102.64
12/10/2015,1071.14,14.21,102.55
12/11/2015,1074.51,14.38,103.11
12/14/2015,1062.6,13.56,101.79
12/15/2015,1060.36,13.63,101.52
12/16/2015,1072.56,14.17,102.75
12/17/2015,1051.36,13.34,100.5
12/18/2015,1065.81,13.635,102.04
12/21/2015,1078.06,13.76,103.15
12/22/2015,1071.96,13.68,102.61
12/23/2015,1070.1,13.965,102.31
12/24/2015,1075.13,14.27,103.05
12/25/2015,1075.5,,
12/28/2015,1068.65,13.79,102.27
12/29/2015,1068.61,13.95,102.2
12/30/2015,1060.7,13.66,101.42
12/31/2015,1060.91,13.72,101.46
1/1/2016,1060.24,,
1/4/2016,1074.3,14.09,102.89
1/5/2016,1077.26,14.02,103.18
1/6/2016,1094.3,14.25,104.67
1/7/2016,1109.1,14.88,106.15
1/8/2016,1103.84,14.52,105.68
1/11/2016,1093.86,13.92,104.74
1/12/2016,1086.66,13.61,104.21
1/13/2016,1093.11,13.61,104.72
1/14/2016,1077.6,13.13,103.02
1/15/2016,1088.71,13.085,104.08
1/18/2016,1088.6,,
1/19/2016,1086.72,12.47,103.98
1/20/2016,1100.62,12.85,105.37
1/21/2016,1101.21,12.91,105.49
1/22/2016,1097.91,13.03,105
1/25/2016,1107.66,13.38,106.08
1/26/2016,1120.17,13.97,107.29
1/27/2016,1125.19,14.2,107.69
1/28/2016,1114.74,13.86,106.54
1/29/2016,1117.64,14.21,106.9492
2/1/2016,1128.46,14.65,108.05
2/2/2016,1128.71,14.3,108.09
2/3/2016,1142.53,15.35,109.25
2/4/2016,1155.36,16.15,110.57
2/5/2016,1173.29,17.05,112.32
2/8/2016,1190.76,17.47,113.83
2/9/2016,1188.46,16.75,113.58
2/10/2016,1197.11,17.14,114.46
2/11/2016,1246.51,18.37,119.0592
2/12/2016,1237.66,18.84,118.36
2/15/2016,1209.3,,
2/16/2016,1199.96,17.21,114.77
2/17/2016,1208.76,17.82,115.48
2/18/2016,1231.95,18.9,118.29
2/19/2016,1227.81,18.38,117.58
2/22/2016,1208.36,18.53,115.49
2/23/2016,1227.06,18.92,117.22
2/24/2016,1228.96,19.11,117.61
2/25/2016,1234.26,19.39,117.92
2/26/2016,1222.21,18.69,117.11
2/29/2016,1237.76,19.38,118.64
3/1/2016,1231.86,18.57,117.77
3/2/2016,1239.91,19.0508,118.68
3/3/2016,1263.31,19.82,120.73
3/4/2016,1259.06,19.71,120.54
3/7/2016,1267.01,20.4,121.14
3/8/2016,1260.71,19.42,120.58
3/9/2016,1252.56,19.51,119.58
3/10/2016,1271.06,20.38,121.5
3/11/2016,1248.06,19.98,119.41
3/14/2016,1234.9,19.12,117.87
3/15/2016,1232,19.53,117.96
3/16/2016,1262.7,20.86,120.59
3/17/2016,1257.15,20.43,120.13
3/18/2016,1254.59,20.61,119.8
3/21/2016,1243.29,20.57,118.96
3/22/2016,1248,20.58,119.31
3/23/2016,1219.8,19.03,116.61
3/24/2016,1216.19,19.46,116.33
3/25/2016,1216.1,,
3/28/2016,1220.65,19.42,116.6
3/29/2016,1241.8,20.54,118.76
3/30/2016,1224.45,20.23,117.1
3/31/2016,1231.95,19.97,117.64
4/1/2016,1222.11,20.12,116.93
4/4/2016,1214.65,19.53,116.15
4/5/2016,1230.69,20.13,117.66
4/6/2016,1221.85,20.15,116.94
4/7/2016,1240.29,20.78,118.61
4/8/2016,1240.01,21.44,118.43
4/11/2016,1257.55,22.7,120.03
4/12/2016,1255.56,22.88,120.05
4/13/2016,1242.76,22.25,118.77
4/14/2016,1227.01,21.6,117.11
4/15/2016,1233.66,22.2,117.92
4/18/2016,1231.15,22.18,117.74
4/19/2016,1250.1,23.26,119.58
4/20/2016,1243.3,22.84,118.97
4/21/2016,1248.46,23.25,119.42
4/22/2016,1231.91,22.59,117.89
4/25/2016,1237.5,22.46,118.23
4/26/2016,1242.59,22.99,118.7
4/27/2016,1245.7,23.24,119.04
4/28/2016,1266.08,24.2775,121.29
4/29/2016,1293.36,25.83,123.65
5/2/2016,1291.21,25.39,123.24
5/3/2016,1285.6,24.66,122.96
5/4/2016,1279.11,23.41,122.21
5/5/2016,1277.66,24.18,122.07
5/6/2016,1288.3,25.13,123.18
5/9/2016,1263.46,23.52,120.65
5/10/2016,1266,24.4,120.98
5/11/2016,1277.31,25.05,122.12
5/12/2016,1263.11,24.55,121.16
5/13/2016,1273.2,24.79,121.71
5/16/2016,1273.46,25.24,121.8
5/17/2016,1279.6,25.58,122.22
5/18/2016,1257.9,23.56,120.1
5/19/2016,1254.1,23.96,119.87
5/20/2016,1251.91,24.05,119.71
5/23/2016,1248.49,23.78,119.37
5/24/2016,1226.5,22.47,117.3
5/25/2016,1223.78,23.03,116.98
5/26/2016,1219.75,22.95,116.58
5/27/2016,1212.15,22.28,115.62
5/30/2016,1205.2,,
5/31/2016,1214.69,22.58,116.06
6/1/2016,1212.4,22.72,115.94
6/2/2016,1210.49,22.77,115.67
6/3/2016,1244.09,25.33,118.88
6/6/2016,1244.86,25.45,118.92
6/7/2016,1243.39,25.11,118.82
6/8/2016,1261.76,25.93,120.58
6/9/2016,1268.4,26.33,121.25
6/10/2016,1273.8,25.96,121.74
6/13/2016,1283.65,25.91,122.64
6/14/2016,1285.46,25.34,122.77
6/15/2016,1291.11,26.32,123.68
6/16/2016,1278.59,25.485,122.38
6/17/2016,1298.21,25.79,123.95
6/20/2016,1289.75,25.64,123.21
6/21/2016,1268.06,24.93,120.84
6/22/2016,1265.91,25.5,120.9
6/23/2016,1255.25,25.22,120.11
6/24/2016,1315.48,26.71,126.01
6/27/2016,1324.39,27.06,126.68
6/28/2016,1312.11,26.6,125.32
6/29/2016,1318.51,27.15,125.84
6/30/2016,1321.78,27.71,126.47
7/1/2016,1341.91,29.05,128.41
7/4/2016,1350.4,,
7/5/2016,1355.69,29.64,129.47
7/6/2016,1363.51,30.57,130.23
7/7/2016,1360.2,29.61,129.74
7/8/2016,1366.4,30.54,130.52
7/11/2016,1354.85,30.6,129.29
7/12/2016,1331.25,29.4,127.15
7/13/2016,1342.45,30.37,128.32
7/14/2016,1334.7,30.21,127.33
7/15/2016,1337.45,29.87,126.84
7/18/2016,1328.39,29.98,127.04
7/19/2016,1331.73,29.67,127.21
7/20/2016,1315.51,27.99,125.39
7/21/2016,1330.7,28.87,127.3
7/22/2016,1322.01,28.78,126.35
7/25/2016,1315.15,27.73,125.47
7/26/2016,1319.84,28.5,126
7/27/2016,1339.42,29.8,128.03
7/28/2016,1335.47,29.75,127.66
7/29/2016,1350.59,30.59,128.98
8/1/2016,1352.85,30.93,129.22
8/2/2016,1363.2,31.32,130.27
8/3/2016,1357.5,30.94,129.65
8/4/2016,1360.8,31.23,129.87
8/5/2016,1335.09,30.23,127.55
8/8/2016,1335.1,30.5,127.44
8/9/2016,1340.3101,30.76,127.96
8/10/2016,1346.27,31.3,128.56
8/11/2016,1338.39,31.04,127.67
8/12/2016,1335.71,31.05,127.4
8/15/2016,1338.91,30.86,127.84
8/16/2016,1345.7,30.81,128.47
8/17/2016,1348.1801,30.37,128.5
8/18/2016,1351.9301,30.75,129.11
8/19/2016,1341.22,29.96,127.97
8/22/2016,1338.27,29.46,127.78
8/23/2016,1337.35,29.02,127.76
8/24/2016,1323.25,26.97,126.34
8/25/2016,1321.2,27.31,126.23
8/26/2016,1320.85,27.18,126.05
8/29/2016,1323.01,27.24,126.3
8/30/2016,1310.65,25.9,125.03
8/31/2016,1308.45,25.49,124.78
9/1/2016,1313.47,26.42,125.29
9/2/2016,1324.65,27.35,126.57
9/5/2016,1326.33,,
9/6/2016,1349.5601,28.68,128.71
9/7/2016,1344.88,28.52,128.27
9/8/2016,1337.95,27.9,127.59
9/9/2016,1327.6899,26.41,126.75
9/12/2016,1327.15,27.04,126.59
9/13/2016,1318.61,26.06,125.75
9/14/2016,1322.6,26.01,126.18
9/15/2016,1313.8,26.18,125.37
9/16/2016,1310.0601,25.96,125.06
9/19/2016,1313.22,26.09,125.32
9/20/2016,1314.6,26.06,125.44
9/21/2016,1336.45,27.9,127.27
9/22/2016,1336.67,27.74,127.57
9/23/2016,1337.21,27.02,127.65
9/26/2016,1337.5601,26.78,127.55
9/27/2016,1327.14,26.28,126.62
9/28/2016,1321.23,26.91,126.22
9/29/2016,1320.05,26.69,126.07
9/30/2016,1315.8,26.43,125.64
10/3/2016,1311.45,25.96,125.32
10/4/2016,1267.8101,23.4,120.97
10/5/2016,1266.16,23.58,120.78
10/6/2016,1254.22,22.84,119.66
10/7/2016,1256.48,23,119.74
10/10/2016,1259.36,23.16,120.16
10/11/2016,1252.75,22.58,119.55
10/12/2016,1254.73,23.07,119.74
10/13/2016,1257.49,23.49,120.03
10/14/2016,1250.05,22.99,119.36
10/17/2016,1255.2,23.34,119.68
10/18/2016,1262.24,24.2,120.42
10/19/2016,1268.9,24.87,121.11
10/20/2016,1265.8,24.81,120.74
10/21/2016,1266.25,24.62,120.83
10/24/2016,1264.06,24.09,120.56
10/25/2016,1273.85,24.65,121.47
10/26/2016,1266.61,24.13,120.79
10/27/2016,1267.8,23.73,121.01
10/28/2016,1275.91,23.81,121.58
10/31/2016,1277.28,24.52,121.94
11/1/2016,1287.8,25.13,122.73
11/2/2016,1296.89,24.76,123.64
11/3/2016,1303.25,25.3,124.3
11/4/2016,1303.75,25.07,124.39
11/7/2016,1281.3199,24.08,122.15
11/8/2016,1275.26,23.96,121.64
11/9/2016,1277.8,24.59,121.56
11/10/2016,1259.6801,22.75,119.75
11/11/2016,1225.58,20.92,117.1
11/14/2016,1219.86,21.12,116.11
11/15/2016,1227.98,22.02,117.12
11/16/2016,1224.9,21.84,116.77
11/17/2016,1216.01,21.3,116.17
11/18/2016,1208.31,21.05,115.15
11/21/2016,1213.66,21.48,115.58
11/22/2016,1211.86,21.56,115.54
11/23/2016,1187.65,20.5,113.25
11/24/2016,1183.2,,
11/25/2016,1182.88,20.61,112.61
11/28/2016,1193.38,21.4,113.8
11/29/2016,1188.34,21.23,113.27
11/30/2016,1172.7,20.83,111.75
12/1/2016,1170.91,20.66,111.54
12/2/2016,1176.88,21.37,112.14
12/5/2016,1170.1801,21.33,111.54
12/6/2016,1169.64,21.2,111.43
12/7/2016,1173.9,21.44,111.83
12/8/2016,1170.46,21.46,111.57
12/9/2016,1157.75,20.67,110.4
12/12/2016,1162.12,20.75,110.82
12/13/2016,1157.96,21.04,110.45
12/14/2016,1144.12,19.89,108.83
12/15/2016,1128.34,18.99,107.34
12/16/2016,1133.99,19.08,108.05
12/19/2016,1138.66,19.08,108.59
12/20/2016,1131.8,19.13,107.79
12/21/2016,1131.41,19.09,107.85
12/22/2016,1128.6,19.07,107.59
12/23/2016,1133.11,19.34,107.93
12/26/2016,1133.56,,
12/27/2016,1138.85,19.87,108.56
12/28/2016,1142.05,20.24,108.86
12/29/2016,1158.24,21.75,110.29
12/30/2016,1151.46,20.92,109.61
1/2/2017,,,
1/3/2017,1158.8199,21.76,110.47
1/4/2017,1163.4,21.92,110.86
1/5/2017,1180.39,23.2,112.58
1/6/2017,1172.72,22.39,111.75
1/9/2017,1181.16,22.46,112.67
1/10/2017,1187.64,22.62,113.15
1/11/2017,1191.46,22.57,113.5
1/12/2017,1195.5601,22.62,113.91
1/13/2017,1197.26,22.74,114.21
1/16/2017,1202.8,,
1/17/2017,1216.46,23.36,115.85
1/18/2017,1203.54,23.01,114.87
1/19/2017,1204.76,22.88,114.77
1/20/2017,1209.56,23.12,115.05
1/23/2017,1217.38,23.81,115.79
1/24/2017,1208.74,23.83,115.27
1/25/2017,1200.22,23.47,114.32
1/26/2017,1188.49,22.87,113.26
1/27/2017,1191.21,23.22,113.49
1/30/2017,1194.96,23.15,113.97
1/31/2017,1210.51,23.93,115.55
2/1/2017,1209.11,23.85,115.2
2/2/2017,1215.8101,24.38,115.84
2/3/2017,1219.8,24.5,116.13
2/6/2017,1235.48,25.4,117.7
2/7/2017,1233.64,25.29,117.46
2/8/2017,1241.61,25.57,118.19
2/9/2017,1230.51,24.91,117.29
2/10/2017,1234.01,25.29,117.6
2/13/2017,1225.06,24.95,116.8
2/14/2017,1228.2,24.92,116.93
2/15/2017,1232.56,24.93,117.45
2/16/2017,1238.76,25.2,118.08
2/17/2017,1235.22,24.79,117.68
2/20/2017,1238,,
2/21/2017,1235.9,24.62,117.75
2/22/2017,1237.31,24.33,117.91
2/23/2017,1249.34,24.37,118.94
2/24/2017,1256.56,24.13,119.7
2/27/2017,1252.6801,22.84,119.12
2/28/2017,1248.52,22.85,119.23
3/1/2017,1248.86,22.98,119.06
3/2/2017,1234.72,21.93,117.58
3/3/2017,1234.22,22.2,117.51
3/6/2017,1225.56,21.64,116.72
3/7/2017,1215.5699,21.51,115.78
3/8/2017,1207.5,21.35,115.06
3/9/2017,1200.76,21.14,114.47
3/10/2017,1204.47,21.73,114.72
3/13/2017,1203.55,22,114.74
3/14/2017,1198.33,21.34,114.12
3/15/2017,1218.65,22.98,116.25
3/16/2017,1226.4,22.77,116.73
3/17/2017,1228.4,22.67,116.99
3/20/2017,1233.15,22.9374,117.5645
3/21/2017,1244.5,23.26,118.54
3/22/2017,1248.85,23.25,118.83
3/23/2017,1244.8,23.03,118.67
3/24/2017,1243.8,22.92,118.86
3/27/2017,1253.79,23.43,119.53
3/28/2017,1251.52,22.81,119.04
3/29/2017,1251.95,22.91,119.33
3/30/2017,1242.9,22.55,118.47
3/31/2017,1248.63,22.81,118.72
4/3/2017,1252.85,23.2,119.35
4/4/2017,1255.47,23.45,119.62
4/5/2017,1254.8,23.48,119.62
4/6/2017,1251.3,23.51,119.18
4/7/2017,1253.55,23.5,119.46
4/10/2017,1254.23,23.65,119.46
4/11/2017,1274.06,24.36,121.19
4/12/2017,1286.1,24.57,122.02
4/13/2017,1287.36,24.54,122.6
4/14/2017,1285.19,,
4/17/2017,1284.3,24.47,122.24
4/18/2017,1289.26,24.27,122.82
4/19/2017,1278.91,23.39,121.73
4/20/2017,1281.35,23.58,121.96
4/21/2017,1284,23.61,122.31
4/24/2017,1275.1801,23.2,121.48
4/25/2017,1263.36,22.22,120.25
4/26/2017,1268.65,22.26,120.84
4/27/2017,1263.7,21.81,120.39
4/28/2017,1267.65,22.23,120.77
5/1/2017,1256.3,21.69,119.67
5/2/2017,1256.79,21.74,119.65
5/3/2017,1237.97,21.51,117.98
5/4/2017,1227.25,21.1,116.79
5/5/2017,1227.59,21.55,117.01
5/8/2017,1225.8,21.54,116.75
5/9/2017,1220.9,21.52,116.05
5/10/2017,1218.65,21.93,116.04
5/11/2017,1224.35,22.37,116.5
5/12/2017,1228.33,22.72,116.83
5/15/2017,1230.21,22.8,117.14
5/16/2017,1236.4,22.96,117.65
5/17/2017,1260.35,23.37,119.79
5/18/2017,1246.55,22.65,118.81
5/19/2017,1255.05,22.86,119.4
5/22/2017,1260.06,23.16,119.9
5/23/2017,1250.76,22.64,119.14
5/24/2017,1258.1,22.97,119.61
5/25/2017,1255.36,22.71,119.48
5/26/2017,1266.66,22.94,120.54
5/29/2017,1266.6,,
5/30/2017,1262.71,22.59,120.14
5/31/2017,1268.09,22.69,120.62
6/1/2017,1265.26,22.6,120.72
6/2/2017,1279.58,22.76,121.61
6/5/2017,1279.45,22.74,121.73
6/6/2017,1293.5,23.8,123.1
6/7/2017,1286.41,23.65,122.45
6/8/2017,1278.5,23.22,121.65
6/9/2017,1265.9,22.83,120.54
6/12/2017,1265.02,22.74,120.36
6/13/2017,1265.35,22.97,120.48
6/14/2017,1260.68,22.22,119.82
6/15/2017,1253.5,22.1,119.32
6/16/2017,1253.13,22.06,119.34
6/19/2017,1242.75,21.93,118.43
6/20/2017,1242.81,21.8,118.18
6/21/2017,1246.05,22.11,118.52
6/22/2017,1250.21,22.36,118.92
6/23/2017,1256.4,22.74,119.43
6/26/2017,1243.95,22.56,118.36
6/27/2017,1246.97,22.26,118.81
6/28/2017,1248.82,22.43,118.9
6/29/2017,1245.24,21.95,118.32
6/30/2017,1241.2,22.08,118.02
7/3/2017,1220.36,21.48,116.09
7/4/2017,1223.6,,
7/5/2017,1226.45,21.76,116.52
7/6/2017,1224.65,21.49,116.47
7/7/2017,1212.8,21.21,115.28
7/10/2017,1213.95,21.51,115.47
7/11/2017,1217.31,21.64,115.62
7/12/2017,1219.5,21.74,116.03
7/13/2017,1216.95,21.5,115.82
7/14/2017,1228.58,21.8,116.77
7/17/2017,1233.9,21.98,117.29
7/18/2017,1241.96,22.14,118.11
7/19/2017,1240.37,22.18,118.08
7/20/2017,1244.24,22.32,118.24
7/21/2017,1254.4,22.41,119.26
7/24/2017,1254.86,22.05,119.31
7/25/2017,1248.55,22.27,118.92
7/26/2017,1260.6,22.84,119.88
7/27/2017,1258.5,22.57,119.79
7/28/2017,1268.75,22.91,120.69
7/31/2017,1269.05,22.86,120.75
8/1/2017,1268.55,22.83,120.65
8/2/2017,1266.2,22.77,120.4
8/3/2017,1268.15,22.7,120.59
8/4/2017,1257.85,22.32,119.65
8/7/2017,1257.31,22.2,119.51
8/8/2017,1260.24,22.25,119.86
8/9/2017,1277.15,22.6,121.31
8/10/2017,1286,23.08,122.21
8/11/2017,1288.81,23.15,122.79
8/14/2017,1281.86,22.83,121.92
8/15/2017,1271.38,22.56,120.98
8/16/2017,1282.71,23.08,121.87
8/17/2017,1287.61,23.03,122.49
8/18/2017,1284.1,22.93,122.3
8/21/2017,1290.83,23.31,122.76
8/22/2017,1284.33,23.09,122.21
8/23/2017,1289.6801,23.26,122.67
8/24/2017,1286.2,23.35,122.29
8/25/2017,1291.03,23.41,122.74
8/28/2017,1309.5,24.26,124.69
8/29/2017,1309.3,24.42,124.42
8/30/2017,1308.36,24.16,124.36
8/31/2017,1321.6,24.72,125.82
9/1/2017,1324.57,24.78,126.06
9/4/2017,1334.3,,
9/5/2017,1338.36,25.31,127.46
9/6/2017,1333.76,24.92,126.81
9/7/2017,1348.8,25.49,128.13
9/8/2017,1346.31,25.24,127.97
9/11/2017,1326.92,24.56,126.19
9/12/2017,1331.54,24.67,126.56
9/13/2017,1322.85,24.22,125.61
9/14/2017,1329.43,24.37,126.16
9/15/2017,1319.22,24.13,125.53
9/18/2017,1306.63,23.73,124.36
9/19/2017,1311.1801,23.85,124.62
9/20/2017,1301,23.5,123.62
9/21/2017,1291.01,23.21,122.68
9/22/2017,1296.98,23.47,123.24
9/25/2017,1310.15,23.83,124.53
9/26/2017,1293.51,23.35,123.14
9/27/2017,1280.72,22.99,121.98
9/28/2017,1286.91,23.16,122.21
9/29/2017,1279.1,22.96,121.58
10/2/2017,1270.72,23.05,120.77
10/3/2017,1271.6,23.28,120.83
10/4/2017,1274.31,23.42,121.17
10/5/2017,1267.65,23.22,120.52
10/6/2017,1275.3,23.59,121.09
10/9/2017,1283.9,23.74,122.08
10/10/2017,1287.46,23.57,122.4
10/11/2017,1291.7,23.8,122.79
10/12/2017,1293.4,23.72,122.89
10/13/2017,1304.47,23.84,123.82
10/16/2017,1294,23.46,122.97
10/17/2017,1284.81,23.42,122.13
10/18/2017,1280.77,23.33,121.67
10/19/2017,1289.4,23.44,122.39
10/20/2017,1280.33,23.23,121.61
10/23/2017,1281.6801,23.14,121.8
10/24/2017,1276.33,22.95,121.33
10/25/2017,1277.01,22.83,121.35
10/26/2017,1266.73,22.43,120.33
10/27/2017,1272.6,22.57,120.9
10/30/2017,1275.86,22.76,121.13
10/31/2017,1271.2,22.48,120.67
11/1/2017,1274.01,22.48,121.11
11/2/2017,1275.61,22.58,121.19
11/3/2017,1269.46,22.43,120.62
11/6/2017,1281.51,22.91,121.65
11/7/2017,1275.46,22.73,121.21
11/8/2017,1280.91,22.89,121.63
11/9/2017,1284.91,22.81,122.13
11/10/2017,1276.0601,22.52,121.13
11/13/2017,1277.61,22.56,121.31
11/14/2017,1280.63,22.59,121.56
11/15/2017,1278.41,22.65,121.41
11/16/2017,1278.4,22.6,121.4
11/17/2017,1294.33,22.79,122.86
11/20/2017,1276.63,22.54,121.31
11/21/2017,1280.41,22.72,121.51
11/22/2017,1292.05,22.92,122.63
11/23/2017,1290.9,,
11/24/2017,1287.83,22.83,122.32
11/27/2017,1294.4399,23.05,122.83
11/28/2017,1293.61,22.93,122.81
11/29/2017,1283.49,22.5,122.04
11/30/2017,1274.36,22.47,121.1
12/1/2017,1280.1899,22.49,121.59
12/4/2017,1276.14,22.2,121.18
12/5/2017,1266.15,21.97,120.32
12/6/2017,1263.86,21.69,120.07
12/7/2017,1246.3,21.58,118.49
12/8/2017,1247.76,21.68,118.48
12/11/2017,1241.87,21.51,118.01
12/12/2017,1243.46,21.42,118.15
12/13/2017,1255.37,22.16,119.17
12/14/2017,1252.78,22.07,118.93
12/15/2017,1255.1801,21.99,119.18
12/18/2017,1261.31,22.16,119.73
12/19/2017,1261.66,22.13,119.82
12/20/2017,1265.59,22.5,120.14
12/21/2017,1266.7,22.63,120.31
12/22/2017,1274.61,22.89,120.94
12/25/2017,1274.86,,
12/26/2017,1283.24,23.2,121.77
12/27/2017,1287.01,23.16,122.23
12/28/2017,1294.75,23.2,122.85
12/29/2017,1302.45,23.24,123.65
1/1/2018,,,
1/2/2018,1318.09,23.82,125.15
1/3/2018,1312.76,23.57,124.82
1/4/2018,1322.9,23.72,125.46
1/5/2018,1319.81,23.67,125.33
1/8/2018,1320.49,23.42,125.31
1/9/2018,1312.58,23.11,124.73
1/10/2018,1316.81,23.25,125.03
1/11/2018,1322.34,23.38,125.44
1/12/2018,1338.34,24.01,126.96
1/15/2018,1339.66,,
1/16/2018,1338.54,24.37,127.17
1/17/2018,1327.65,23.94,126.14
1/18/2018,1327.1,23.61,125.86
1/19/2018,1331.41,23.65,126.42
1/22/2018,1333.7,23.71,126.65
1/23/2018,1341.01,24.1,127.28
1/24/2018,1358.09,24.6,128.83
1/25/2018,1347.65,24.13,127.97
1/26/2018,1349.76,24.35,128.07
1/29/2018,1339.96,23.68,127.35
1/30/2018,1338.16,23.45,126.8
1/31/2018,1344.7,23.75,127.65
2/1/2018,1348.81,23.7,128.07
2/2/2018,1332.92,22.91,126.39
2/5/2018,1339.21,22.71,126.71
2/6/2018,1324.9301,22.11,125.38
2/7/2018,1318.11,21.8,124.79
2/8/2018,1318.88,21.68,124.98
2/9/2018,1316.64,21.68,124.77
2/12/2018,1322.83,21.97,125.37
2/13/2018,1329.47,22,126.08
2/14/2018,1350.6801,23.01,128.23
2/15/2018,1353.2,22.99,128.38
2/16/2018,1347.78,22.51,127.96
2/19/2018,1346.31,,
2/20/2018,1329.42,21.87,126.24
2/21/2018,1323.86,21.79,125.66
2/22/2018,1331.4301,21.73,126.3
2/23/2018,1328.87,21.97,126.14
2/26/2018,1333.1,22.18,126.45
2/27/2018,1318.14,21.49,125.13
2/28/2018,1317.66,21.35,125
3/1/2018,1316.16,21.57,124.72
3/2/2018,1322.17,21.49,125.39
3/5/2018,1319.95,21.65,125.18
3/6/2018,1334.06,22.01,126.53
3/7/2018,1325.49,21.57,125.72
3/8/2018,1321.96,21.65,125.42
3/9/2018,1323.64,21.57,125.54
3/12/2018,1322.66,21.76,125.54
3/13/2018,1326.02,21.67,125.78
3/14/2018,1324.6,21.73,125.7
3/15/2018,1315.86,21.45,124.9
3/16/2018,1313,21.43,124.6
3/19/2018,1316.56,21.51,124.87
3/20/2018,1310.81,21.27,124.31
3/21/2018,1331.8,21.86,126.48
3/22/2018,1328.58,21.5,125.98
3/23/2018,1346.76,22.12,127.61
3/26/2018,1353.06,22.44,128.28
3/27/2018,1344.31,21.99,127.49
3/28/2018,1324.61,21.66,125.73
3/29/2018,1324,21.98,125.79
3/30/2018,,,
4/2/2018,1340.96,22.23,127.26
4/3/2018,1332.45,21.91,126.3
4/4/2018,1332.96,21.87,126.45
4/5/2018,1326.15,21.97,125.8
4/6/2018,1332.89,22.07,126.39
4/9/2018,1335.87,21.98,126.82
4/10/2018,1339.1,22.26,127.12
4/11/2018,1352.91,22.75,128.11
4/12/2018,1335.08,22.47,126.62
4/13/2018,1345.01,22.89,127.45
4/16/2018,1345.54,22.8,127.63
4/17/2018,1346.91,22.93,127.75
4/18/2018,1348.92,22.98,127.85
4/19/2018,1345.1801,23.06,127.6
4/20/2018,1334.72,22.71,126.63
4/23/2018,1324,22.41,125.62
4/24/2018,1330.28,22.7,126.23
4/25/2018,1322.9399,22.5,125.41
4/26/2018,1316.88,22.59,124.97
4/27/2018,1321.89,22.73,125.5
4/30/2018,1314.95,22.28,124.59
5/1/2018,1303.6,22.31,123.71
5/2/2018,1304.46,22.38,123.65
5/3/2018,1311.24,22.65,124.28
5/4/2018,1314.65,22.65,124.54
5/7/2018,1313.92,22.65,124.57
5/8/2018,1314.08,22.68,124.59
5/9/2018,1312.4,22.63,124.33
5/10/2018,1321.01,22.95,125.18
5/11/2018,1317.6801,22.88,125
5/14/2018,1312.42,22.78,124.49
5/15/2018,1290.24,22.26,122.48
5/16/2018,1290.22,22.29,122.29
5/17/2018,1290,22.19,122.36
5/18/2018,1291.5,22.19,122.41
5/21/2018,1292.29,22.33,122.48
5/22/2018,1290.92,22.13,122.41
5/23/2018,1293,22.34,122.54
5/24/2018,1304.47,22.65,123.59
5/25/2018,1301.17,22.31,123.21
5/28/2018,1297.7,,
5/29/2018,1297.96,22.15,123.19
5/30/2018,1301.03,22.44,123.37
5/31/2018,1297.92,22.34,123.1
6/1/2018,1292.74,22.31,122.49
6/4/2018,1291.58,22.28,122.37
6/5/2018,1295.73,22.44,122.85
6/6/2018,1296,22.58,122.92
6/7/2018,1296.72,22.45,122.86
6/8/2018,1298,22.36,123.01
6/11/2018,1299.74,22.55,123.23
6/12/2018,1295.57,22.49,122.82
6/13/2018,1299.31,22.48,123.19
6/14/2018,1301.83,22.66,123.38
6/15/2018,1279,22.23,121.34
6/18/2018,1277.91,22.27,121.11
6/19/2018,1274.37,22.05,120.8
6/20/2018,1267.7,21.92,120.26
6/21/2018,1266.8101,21.91,120.05
6/22/2018,1268.49,22.18,120.34
6/25/2018,1265,22.01,119.89
6/26/2018,1258.64,21.95,119.26
6/27/2018,1251.62,21.81,118.58
6/28/2018,1247.88,21.93,118.22
6/29/2018,1252.25,22.31,118.65
7/2/2018,1241.58,22.08,117.46
7/3/2018,1252.4301,22.47,118.65
7/4/2018,1256.2,,
7/5/2018,1257.33,22.68,119.05
7/6/2018,1254.2,22.61,118.86
7/9/2018,1257.37,22.55,119.15
7/10/2018,1255.23,22.6,118.93
7/11/2018,1241.76,22,117.64
7/12/2018,1246.77,22.14,118.13
7/13/2018,1241,21.96,117.61
7/16/2018,1240.07,21.87,117.55
7/17/2018,1227.12,21.88,116.28
7/18/2018,1226.4301,21.86,116.31
7/19/2018,1222.4,21.58,115.81
7/20/2018,1231.37,21.78,116.56
7/23/2018,1224.15,21.33,116
7/24/2018,1224.15,21.62,116.04
7/25/2018,1231.16,21.8,116.68
7/26/2018,1222.27,21.39,115.77
7/27/2018,1222.97,21.32,115.83
7/30/2018,1221.3,21.27,115.65
7/31/2018,1223.41,21.28,115.99
8/1/2018,1215.49,21.11,115.14
8/2/2018,1207.56,20.94,114.52
8/3/2018,1213.03,21.16,114.92
8/6/2018,1206.1,20.9,114.33
8/7/2018,1210.64,20.66,114.59
8/8/2018,1213.2,20.76,114.91
8/9/2018,1211.97,20.71,114.74
8/10/2018,1210.85,20.56,114.69
8/13/2018,1193.24,19.98,112.96
8/14/2018,1193.63,19.77,113.07
8/15/2018,1174.28,18.6,111.19
8/16/2018,1173.5601,18.16,111.1
8/17/2018,1184.35,18.72,112.13
8/20/2018,1190.17,18.79,112.69
8/21/2018,1195.72,18.92,113.02
8/22/2018,1195.11,19.06,113.27
8/23/2018,1184.92,18.46,112.2
8/24/2018,1205.55,18.95,114.16
8/27/2018,1210.98,19.28,114.59
8/28/2018,1200.86,18.92,113.68
8/29/2018,1206.26,18.99,114.2
8/30/2018,1199.51,18.69,113.64
8/31/2018,1200.71,18.55,113.51
9/3/2018,1200.4,,
9/4/2018,1191,18.02,112.93
9/5/2018,1196.3,17.87,113.32
9/6/2018,1199.77,17.84,113.54
9/7/2018,1195.36,17.88,113.23
9/10/2018,1195.4301,17.61,113.15
9/11/2018,1197.55,17.57,113.22
9/12/2018,1205.45,18.11,114.17
9/13/2018,1200.7,18.09,113.76
9/14/2018,1193.31,17.98,113.02
9/17/2018,1200.53,18.32,113.61
9/18/2018,1197.61,18.43,113.44
9/19/2018,1203.58,18.75,113.88
9/20/2018,1206.76,18.93,114.27
9/21/2018,1199.09,18.78,113.49
9/24/2018,1198.48,18.8,113.47
9/25/2018,1200.91,18.85,113.65
9/26/2018,1194.0601,18.42,113.05
9/27/2018,1182.42,18.34,112.05
9/28/2018,1191.6899,18.52,112.76
10/1/2018,1187.73,18.55,112.57
10/2/2018,1202.6801,19.05,113.87
10/3/2018,1196.92,18.79,113.42
10/4/2018,1199.26,18.75,113.48
10/5/2018,1202.45,18.65,113.8
10/8/2018,1187.62,18.71,112.54
10/9/2018,1189.17,18.39,112.6
10/10/2018,1194.36,18.63,112.88
10/11/2018,1223.73,19.87,115.78
10/12/2018,1217.53,19.75,115.23
10/15/2018,1226.54,20.06,116
10/16/2018,1224.03,19.99,115.8
10/17/2018,1222.28,19.91,115.79
10/18/2018,1225.01,20,115.92
10/19/2018,1225.86,20.01,116.01
10/22/2018,1221.53,19.86,115.71
10/23/2018,1230.17,20.1,116.39
10/24/2018,1233.58,19.87,116.66
10/25/2018,1231.6,19,116.4
10/26/2018,1233.17,19.06,116.77
10/29/2018,1229.35,19.01,116.31
10/30/2018,1222.59,19.15,115.8
10/31/2018,1214.14,18.93,115.15
11/1/2018,1232.8,19.57,116.63
11/2/2018,1232.48,19.63,116.65
11/5/2018,1230.91,19.56,116.37
11/6/2018,1226.41,19.4,116.04
11/7/2018,1225.7,19.31,116.03
11/8/2018,1223.5,19.38,115.78
11/9/2018,1209.21,19.04,114.48
11/12/2018,1200.58,18.61,113.66
11/13/2018,1201.96,18.42,113.7
11/14/2018,1210.84,18.83,114.64
11/15/2018,1212.91,19.09,114.77
11/16/2018,1221.39,19.38,115.62
11/19/2018,1223.98,19.39,115.67
11/20/2018,1221.16,19.3,115.67
11/21/2018,1225.9399,19.81,115.86
11/22/2018,1226.7,,
11/23/2018,1222.44,19.36,115.77
11/26/2018,1222.28,19.26,115.64
11/27/2018,1214.31,18.87,114.95
11/28/2018,1221.03,19.34,115.38
11/29/2018,1223.61,19.17,115.74
11/30/2018,1221.88,19.09,115.54
12/3/2018,1231,19.44,116.41
12/4/2018,1238.16,19.6,117.12
12/5/2018,1237.48,,
12/6/2018,1237.61,19.71,117.14
12/7/2018,1247.71,20.2,118.09
12/10/2018,1244.51,20.13,117.68
12/11/2018,1242.85,20.01,117.54
12/12/2018,1245.4,20.44,117.79
12/13/2018,1242.06,20.48,117.53
12/14/2018,1238.12,20.12,117.06
12/17/2018,1245.8199,20.61,117.87
12/18/2018,1249.29,21.09,118.15
12/19/2018,1243.01,19.95,117.43
12/20/2018,1259.76,20.67,119.24
12/21/2018,1255.92,20.44,118.72
12/24/2018,1268.49,21.09,120.02
12/25/2018,,,
12/26/2018,1266.9,20.62,119.66
12/27/2018,1275.13,20.97,120.57
12/28/2018,1280.67,20.6,121.06
12/31/2018,1282.73,21.09,121.25
1/1/2019,1282.17,,
1/2/2019,1284.74,21.05,121.33
1/3/2019,1293.61,21.48,122.43
1/4/2019,1284.83,21.3,121.44
1/7/2019,1288.63,21.04,121.86
1/8/2019,1284.85,21.05,121.53
1/9/2019,1293.05,21.32,122.31
1/10/2019,1286.3199,21,121.59
1/11/2019,1287.5,21.08,121.8
1/14/2019,1291.6899,20.93,122.09
1/15/2019,1289.24,20.61,121.88
1/16/2019,1293.4399,20.6,122.27
1/17/2019,1291.4,20.66,122.11
1/18/2019,1281.11,20.31,121.02
1/21/2019,1279.53,,
1/22/2019,1284.64,20.45,121.45
1/23/2019,1282.01,20.49,121.28
1/24/2019,1280.56,20.5,121.09
1/25/2019,1303.14,21.18,122.86
1/28/2019,1303.46,21.45,123.29
1/29/2019,1311.86,21.97,123.98
1/30/2019,1319.51,22.18,124.69
1/31/2019,1320.56,22.69,124.75
2/1/2019,1317.9301,22.57,124.5
2/4/2019,1311.6899,22.49,123.96
2/5/2019,1314.95,22.61,124.28
2/6/2019,1306.15,22.22,123.44
2/7/2019,1310.03,22.03,123.74
2/8/2019,1313.99,22.34,124.21
2/11/2019,1308.26,22.08,123.6
2/12/2019,1310.51,22.05,123.86
2/13/2019,1306.12,21.92,123.37
2/14/2019,1312.48,22.14,124.06
2/15/2019,1321.01,22.43,124.8
2/18/2019,1326.15,,
2/19/2019,1341.08,23.14,126.7
2/20/2019,1338.41,23.36,126.48
2/21/2019,1323.11,22.98,125.05
2/22/2019,1327.71,23.06,125.5
2/25/2019,1327.0601,22.77,125.37
2/26/2019,1328.56,22.73,125.58
2/27/2019,1319.8,22.35,124.69
2/28/2019,1312.66,22.24,123.99
3/1/2019,1293.3123,21.7,121.88
3/4/2019,1286.415,21.85,121.56
3/5/2019,1287.1801,21.97,121.72
3/6/2019,1286.36,21.52,121.61
3/7/2019,1285.495,21.79,121.51
3/8/2019,1298.01,22.37,122.84
3/11/2019,1294,22.29,122.24
3/12/2019,1301.76,22.68,122.98
3/13/2019,1309.03,22.86,123.84
3/14/2019,1296.0325,22.25,122.41
3/15/2019,1301.13,22.3,122.97
3/18/2019,1303.45,22.05,123.04
3/19/2019,1306.3,22.13,123.38
3/20/2019,1312.235,22.63,124.18
3/21/2019,1309.205,22.75,123.68
3/22/2019,1313.13,22.78,123.97
3/25/2019,1321.8,23.26,124.92
3/26/2019,1315.42,23.35,124.3
3/27/2019,1309.46,23.01,123.65
3/28/2019,1290.15,22.41,121.9
3/29/2019,1291.9,22.42,122.01
4/1/2019,1287.415,21.96,121.53
4/2/2019,1292.75,22.1,121.98
4/3/2019,1289.655,22.07,121.8
4/4/2019,1292.125,22.5,122.11
4/5/2019,1291.3,22.43,121.98
4/8/2019,1297.165,22.69,122.51
4/9/2019,1303.885,22.82,123.15
4/10/2019,1307.795,22.62,123.53
4/11/2019,1292.345,22.25,121.95
4/12/2019,1290,22.21,121.83
4/15/2019,1287.635,22.22,121.6
4/16/2019,1276.17,21.81,120.51
4/17/2019,1273.74,21.66,120.28
4/18/2019,1275.01,21.34,120.37
4/19/2019,,,
4/22/2019,1274.675,20.98,120.37
4/23/2019,1272.15,20.82,120.12
4/24/2019,1274.96,21.02,120.47
4/25/2019,1276.95,20.87,120.57
4/26/2019,1285.85,21.3,121.37
4/29/2019,1279.55,20.84,120.83
4/30/2019,1283.35,20.89,121.2
5/1/2019,1276.355,20.52,120.4
5/2/2019,1270.29,20.17,119.94
5/3/2019,1278.9399,20.29,120.65
5/6/2019,1280.075,20.3,120.81
5/7/2019,1284.3,20.71,121.21
5/8/2019,1280.53,20.48,120.91
5/9/2019,1283.74,20.43,121.2
5/10/2019,1285.6,20.28,121.43
5/13/2019,1299.655,20.93,122.67
5/14/2019,1296.775,20.84,122.46
5/15/2019,1296.415,20.79,122.39
5/16/2019,1286.4,20.56,121.51
5/17/2019,1277.15,20.75,120.65
5/20/2019,1277.495,20.68,120.64
5/21/2019,1274.725,20.71,120.36
5/22/2019,1273.365,20.36,120.24
5/23/2019,1283.05,20.44,121.17
5/24/2019,1284.645,20.57,121.3
5/27/2019,1284.8,,
5/28/2019,1279.06,20.42,120.83
5/29/2019,1279.2,20.42,120.87
5/30/2019,1288.5,20.77,121.69
5/31/2019,1305.25,21.59,123.33
6/3/2019,1324.77,22.49,125.11
6/4/2019,1324.88,22.59,125.15
6/5/2019,1329.78,22.63,125.47
6/6/2019,1334.8,22.87,125.88
6/7/2019,1340.3,22.89,126.59
6/10/2019,1327.73,22.46,125.33
6/11/2019,1326.6625,22.59,125.18
6/12/2019,1333.16,22.96,125.83
6/13/2019,1341.95,23.24,126.6
6/14/2019,1341.33,23.33,126.56
6/17/2019,1339.285,23.46,126.48
6/18/2019,1346.08,23.67,127.12
6/19/2019,1359.87,24,127.89
6/20/2019,1387.78,25.05,131.11
6/21/2019,1398.65,25.21,131.98
6/24/2019,1419.15,26.17,133.94
6/25/2019,1422.85,25.63,134.2
6/26/2019,1408.35,25.52,132.97
6/27/2019,1409.28,25.33,132.84
6/28/2019,1409.1,25.56,133.2
7/1/2019,1384.0649,24.58,130.62
7/2/2019,1418.1949,25.55,133.41
7/3/2019,1418.54,25.65,133.63
7/4/2019,1415.19,,
7/5/2019,1399.55,25.39,132.14
7/8/2019,1395.2,25.42,131.29
7/9/2019,1397.8,25.65,131.75
7/10/2019,1418.8,26.2,133.83
7/11/2019,1403.6,25.94,132.7
7/12/2019,1415.495,26.21,133.53
7/15/2019,1413.68,26.18,133.53
7/16/2019,1405.93,26.05,132.4
7/17/2019,1426.6,27.09,134.58
7/18/2019,1446,28.25,136.48
7/19/2019,1424.91,27.98,134.47
7/22/2019,1424.72,28.19,134.45
7/23/2019,1416.99,27.87,133.69
7/24/2019,1425.8,28.15,134.37
7/25/2019,1414.13,27.43,133.42
7/26/2019,1418.31,27.28,133.64
7/29/2019,1426.6851,27.77,134.53
7/30/2019,1430.6,27.83,134.98
7/31/2019,1413.55,26.5,133.21
8/1/2019,1445.0551,27.85,136.41
8/2/2019,1440.455,27.77,135.89
8/5/2019,1463.6,28.6,137.79
8/6/2019,1473.87,28.67,138.91
8/7/2019,1500.8,29.26,141.02
8/8/2019,1500,29.77,141.73
8/9/2019,1496.84,29.36,141.26
8/12/2019,1511.155,29,142.63
8/13/2019,1501.14,28.45,141.78
8/14/2019,1516.085,28.41,142.75
8/15/2019,1522.955,28.73,143.7
8/16/2019,1513.75,28.28,142.78
8/19/2019,1495,27.93,141.11
8/20/2019,1506.85,28.85,142.21
8/21/2019,1502,28.7,141.76
8/22/2019,1498.6,28.49,141.4
8/23/2019,1526.1,29.64,144.17
8/26/2019,1526,29.64,144.19
8/27/2019,1542.395,30.56,145.57
8/28/2019,1538.8,30.41,145.16
8/29/2019,1527.4,29.66,144.12
8/30/2019,1519.85,29.86,143.75
9/2/2019,1530.34,,
9/3/2019,1546.7,30.37,145.75
9/4/2019,1552.35,30.95,146.66
9/5/2019,1519.1,29.31,143.14
9/6/2019,1506.7,28.48,141.92
9/9/2019,1498.65,27.73,141.39
9/10/2019,1485.5,27.51,140.18
9/11/2019,1497.3,27.72,141.03
9/12/2019,1498.7,27.27,141.32
9/13/2019,1488.45,26.64,140.15
9/16/2019,1497.9,27.29,141.32
9/17/2019,1502.2,28.12,141.6
9/18/2019,1493.65,27.62,140.71
9/19/2019,1499,28.1,141.28
9/20/2019,1516.75,28.69,142.95
9/23/2019,1521.865,29.16,143.75
9/24/2019,1531.8,29.49,144.51
9/25/2019,1503.75,28.43,141.83
9/26/2019,1505.6,28.11,141.79
9/27/2019,1496.56,27.45,141.06
9/30/2019,1472,26.71,138.87
10/1/2019,1478.58,26.92,139.63
10/2/2019,1499.26,27.41,141.26
10/3/2019,1504.75,27.25,141.9
10/4/2019,1504.35,27.87,141.9
10/7/2019,1493.35,27.58,140.69
10/8/2019,1505.26,28.36,141.92
10/9/2019,1505.3,28.05,142.05
10/10/2019,1494,28.05,140.81
10/11/2019,1489.45,26.97,140.03
10/14/2019,1492.8,27.07,140.59
10/15/2019,1480.92,26.19,139.61
10/16/2019,1489.37,26.71,140.41
10/17/2019,1491.64,27.08,140.61
10/18/2019,1489.7,27.12,140.46
10/21/2019,1484.25,26.58,139.79
10/22/2019,1487.65,26.54,140.2
10/23/2019,1491.85,26.81,140.53
10/24/2019,1503.25,27.52,141.53
10/25/2019,1504.33,27.74,141.86
10/28/2019,1492.4449,27.06,140.64
10/29/2019,1487.4,27.21,140.25
10/30/2019,1495.2,27.45,141.02
10/31/2019,1513.16,28.15,142.43
11/1/2019,1513.55,28.01,142.56
11/4/2019,1509.2367,27.52,142.15
11/5/2019,1484,26.97,139.85
11/6/2019,1490.3621,27.3,140.45
11/7/2019,1467.8219,26.49,138.27
11/8/2019,1458.407,26.23,137.39
11/11/2019,1455.6505,26.24,137.06
11/12/2019,1456.9449,26.59,137.43
11/13/2019,1462.9354,26.75,137.98
11/14/2019,1470.95,27,138.56
11/15/2019,1467.1169,26.74,138.21
11/18/2019,1470.7528,27.2,138.62
11/19/2019,1472.2814,27.23,138.69
11/20/2019,1471.1514,27.34,138.76
11/21/2019,1464.15,26.82,138
11/22/2019,1462.04,26.76,137.74
11/25/2019,1454.8738,26.2,137.08
11/26/2019,1461.2,26.78,137.74
11/27/2019,1454.25,26.66,137.01
11/28/2019,1458.0917,,
11/29/2019,1463.9,27.08,137.86
12/2/2019,1462.34,27.17,137.79
12/3/2019,1477.241,27.77,139.11
12/4/2019,1474.1,27.48,138.92
12/5/2019,1475.6029,27.62,139
12/6/2019,1459.5071,26.97,137.62
12/9/2019,1461.89,26.92,137.58
12/10/2019,1463.96,27.13,137.97
12/11/2019,1474.75,27.71,138.92
12/12/2019,1469.33,27.66,138.43
12/13/2019,1475.5586,27.72,139.05
12/16/2019,1476.0013,27.39,139.04
12/17/2019,1476.2,27.16,139.01
12/18/2019,1475.1862,27.45,139.02
12/19/2019,1479.0472,27.48,139.38
12/20/2019,1477.9497,27.13,139.52
12/23/2019,1485.27,27.77,139.95
12/24/2019,1498.81,28.66,141.27
12/25/2019,1498.6,,
12/26/2019,1511.2979,29.08,142.38
12/27/2019,1510.4167,28.87,142.33
12/30/2019,1515.123,29.49,142.63
12/31/2019,1517.01,29.28,142.9
1/1/2020,1516.89,,
