Symbol,priceToSales,profitMargins,grossMargins,operatingCashflow,revenueGrowth,operatingMargins,grossProfits,freeCashflow,returnOnAssets,debtToEquity,returnOnEquity,totalRevenue,forwardEps,sharesOutstanding,bookValue,currentPrice,trailingEps,forwardPE,trailingPE,marketCap
A,6.7615657,0.18312,0.54352003,1312000000.0,0.114,0.23627001,3722000000,777750016.0,0.09531,52.354,0.23488002,6848000000.0,6.21,295000000.0,17.929,156.96,4.18,25.275364,37.550243,46303203328
AAL,0.20843983,-0.03557,0.19931,1131000064.0,0.501,0.00031,1934000000,265500000.0,0.00013,,,45210001408.0,1.5,649900992.0,-12.146,14.5,-3.671,9.666667,,9423564800
AAP,0.80231935,0.04304,0.44654,670419968.0,0.008,0.06612,4931356000,213340128.0,0.03815,150.469,0.16129999,11077951488.0,13.49,59253700.0,45.856,150.0,7.8,11.119348,19.230768,8888054784
AAPL,5.9750986,0.2531,0.43310001,122000000000.0,0.081,0.30289,171000000000,90215251968.0,0.21214001,261.446,1.75459,394000000000.0,6.81,15908100096.0,3.178,148.11,6.11,21.7489,24.24059,2360000000000
ABBV,4.882214,0.23188,0.69832003,22589999104.0,0.033,0.36514,38883000000,19950499840.0,0.09094,436.757,0.90650004,57819000832.0,11.55,1768480000.0,9.044,159.62,7.5,13.819913,21.282665,282000000000
ABC,0.1422934,0.00712,0.034930002,2703088128.0,0.038,0.0117,8334565000,3326865664.0,0.030639999,9435.978,5.08336,239000000000.0,12.62,202440992.0,-1.026,167.7,8.04,13.288431,20.85821,33949353984
ABMD,15.872026,0.24836001,0.81324995,250983008.0,0.072,0.22961001,843595000,202012000.0,0.09554,0.455,0.18244,1074096000.0,5.58,45091200.0,34.087,378.08,5.83,67.75627,64.85077,17048080384
ABT,4.1415114,0.17518999,0.58163,10321999872.0,-0.047,0.22974001,25009000000,7563250176.0,0.08821,46.204,0.22373,45029998592.0,4.38,1743570048.0,20.461,106.96,4.43,24.42009,24.14447,186000000000
ACGL,2.4528978,0.14008,0.27973,3633721088.0,0.136,0.13155,3361999000,1392649472.0,0.01598,23.087,0.09867,8855909376.0,5.5,369872992.0,29.857,58.73,3.16,10.678182,18.585442,21722640384
ACN,3.0344737,0.11165,0.31986,9541129216.0,0.149,0.15208,19701539000,7736192000.0,0.12946999,14.62,0.32625,61594304512.0,12.6,630080000.0,35.024,296.4,10.71,23.523808,27.67507,187000000000
ADBE,9.040548,0.27997,0.87761,7578999808.0,0.127,0.35449,13920000000,5941749760.0,0.14403,32.29,0.33438998,17191000064.0,15.21,464900000.0,30.777,334.3,10.1,21.97896,33.099007,155000000000
ADI,7.0832863,0.22878,0.64957,4475402240.0,0.388,0.31802,7803870000,4305268224.0,0.04654,19.03,0.07383,12013953024.0,10.64,509296000.0,71.599,167.09,5.25,15.703946,31.826666,85098266624
ADM,0.5420602,0.04157,0.07556,4089999872.0,0.214,0.04302,5987000000,1285874944.0,0.047989998,40.059,0.17785,98706997248.0,6.66,549334016.0,43.71,97.4,7.25,14.624625,13.434483,53505134592
ADP,6.4859877,0.17933,0.45409,3695699968.0,0.1,0.23591,7447100000,6620100096.0,0.04681,139.499,0.76379997,16881600512.0,9.02,414828000.0,6.205,263.95,7.22,29.262749,36.558174,109000000000
ADSK,8.842534,0.12637,0.9163,1882300032.0,0.137,0.19997999,4021400000,1634375040.0,0.071329996,334.989,0.56636,4898400256.0,7.38,215859008.0,4.194,200.66,2.59,27.189701,77.47491,43314270208
AEE,3.2043736,0.14458999,0.45024,2068000000.0,0.285,0.22442,2991000000,-1442625024.0,0.02779,144.753,0.10335,7165000192.0,4.37,258522000.0,39.462,88.81,3.99,20.322655,22.258144,22959337472
AEP,2.6067545,0.13081001,0.44401002,5600099840.0,0.195,0.21047,7656200000,-4094687488.0,0.027880002,156.591,0.10463,18819799040.0,5.3,513864000.0,47.255,95.47,4.82,18.013206,19.807053,49058594816
AES,1.5502596,-0.02231,0.20638001,2172000000.0,0.195,0.19299,2711000000,-1942499968.0,0.04085,406.611,-0.15045999,12327000064.0,1.75,667950016.0,3.849,28.61,-0.223,16.348572,,19110049792
AFL,2.1540377,0.24154,0.42594,3716000000.0,-0.08,0.26472,9104000000,666000000.0,0.02399,44.837,0.1752,20928000000.0,5.45,621788992.0,38.713,72.5,7.82,13.3027525,9.271099,45079703552
AIG,0.7642766,0.23158,0.45299998,4533000192.0,0.146,0.31308,19531000000,3150249984.0,0.02079,74.222,0.28494,59377999872.0,6.35,742979968.0,51.575,61.08,16.86,9.618898,3.6227758,45381218304
AIZ,0.6711063,0.03361,0.07714,574499968.0,-0.034,0.052789997,1161700000,1497162496.0,0.009980001,51.948,0.06971,10115099648.0,12.74,52831400.0,77.496,128.49,6.11,10.085558,21.02946,6788306944
AJG,5.094795,0.13193,0.42671,2418800128.0,-0.05,0.20887,2942300000,1176824960.0,0.03283,75.9,0.12882,8247300096.0,8.71,210840000.0,40.665,199.29,5.06,22.880596,39.385376,42018304000
AKAM,4.047603,0.14117,0.62499,1320077952.0,0.025,0.20992,2192267000,853989504.0,0.058130004,74.491,0.115109995,3594233088.0,5.6,157242000.0,26.813,92.52,3.14,16.52143,29.464966,14548029440
ALB,5.714249,0.27775,0.41493,809273024.0,1.519,0.32889998,1008471000,-498904736.0,0.09325,50.286,0.25876,5593330176.0,27.82,117153000.0,57.472,272.82,13.19,9.806614,20.683853,31961681920
ALGN,3.9351137,0.13218,0.71441,696873984.0,-0.124,0.1943,2935355000,196430256.0,0.08116999,3.271,0.14165,3864218880.0,7.89,78112400.0,47.3,194.67,6.42,24.673004,30.32243,15206140928
ALK,0.6561551,0.00596,0.24277,1538000000.0,0.448,0.075229995,939000000,700124992.0,0.03,103.372,0.014680001,9066000384.0,4.96,126838000.0,30.165,46.9,0.41,9.455646,114.39025,5948702208
ALL,0.70731723,-0.00413,0.15984,5022000128.0,0.058,0.00717,13969000000,12653124608.0,0.00197,45.373,0.0023,50775998464.0,9.09,265210000.0,59.034,135.42,3.21,14.897689,42.186916,35914739712
ALLE,3.219136,0.1396,0.40383,399300000.0,0.274,0.18711,1204900000,241637504.0,0.10335,293.548,0.52444,3119600128.0,6.04,87844800.0,9.008,114.32,4.91,18.927153,23.283096,10042417152
AMAT,3.5306535,0.25305,0.46511,5399000064.0,0.102,0.30188,11993000000,3204499968.0,0.18515,44.752,0.53394,25784999936.0,6.79,860308992.0,14.279,105.82,7.44,15.584683,14.223118,91037900800
AMCR,1.2367549,0.05535,0.19389,1526000000.0,0.132,0.10155,2820000000,972750016.0,0.053340003,172.736,0.18188,14544000000.0,0.83,1489020032.0,2.745,12.08,0.55,14.554217,21.963636,17987362816
AMD,5.3071985,0.09957,0.5095,3820000000.0,0.29,0.13085,7929000000,4550750208.0,0.047280002,5.299,0.073699996,22827999232.0,3.65,1612359936.0,33.835,75.14,1.6,20.5863,46.962498,121000000000
AME,5.431067,0.18812999,0.3491,1046254976.0,0.077,0.2433,1912614000,780356864.0,0.0773,35.389,0.16568,6028608000.0,5.97,229654000.0,31.058,142.57,4.89,23.881075,29.155422,32741773312
AMGN,5.7500076,0.25959,0.7578,9880000512.0,-0.008,0.38819,19525000000,9330374656.0,0.09928001,1059.513,1.15164,26329999360.0,18.56,533579008.0,6.847,283.74,12.46,15.287715,22.77207,151000000000
AMP,2.450407,0.1916,0.55022,4741000192.0,0.206,0.29579002,7588000000,1055249984.0,0.01647,110.777,0.61714,14435999744.0,28.86,106417000.0,30.527,332.41,24.02,11.518018,13.838884,35374075904
AMT,9.804577,0.27776,0.69435996,3190099968.0,0.088,0.30293,6674900000,3987062528.0,0.03115,378.791,0.25942,10451300352.0,4.64,465606016.0,13.492,220.08,6.29,47.431038,34.988873,102000000000
AMZN,1.8975667,0.022550002,0.43043998,39665000448.0,0.147,0.025829999,197000000000,-12691999744.0,0.02,119.525,0.08776,502000000000.0,1.68,10201700352.0,13.482,93.41,1.09,55.601196,85.69725,953000000000
ANET,10.614947,0.29633,0.61824,677576000.0,0.572,0.33687,1880779000,476043360.0,0.14267999,1.763,0.28232,3930216960.0,5.42,307300000.0,14.354,135.76,2.91,25.04797,46.652916,41719046144
ANSS,10.590438,0.23132999,0.90595,558684032.0,0.071,0.28486001,1709493000,480672384.0,0.05947,19.435,0.105579995,2027105024.0,8.4,87112200.0,52.173,246.44,5.33,29.338097,46.2364,21467930624
AON,5.110662,0.22488001,0.47695,3108000000.0,-0.002,0.40710998,5476000000,3708375040.0,0.10033,,3.50276,12428999680.0,14.51,206852992.0,-3.772,307.08,12.83,21.163334,23.934528,63520415744
AOS,2.4783583,0.12991,0.35182,479000000.0,-0.044,0.16768,1310900000,223700000.0,0.12236,18.349,0.27188,3813299968.0,3.21,126870000.0,11.44,61.86,3.14,19.271029,19.700636,9450723328
APA,1.3727976,0.33226,0.67904997,4615000064.0,0.374,0.46542,5080000000,2528875008.0,0.23483999,363.83,3.73655,10874000384.0,9.68,321512000.0,1.854,46.43,10.57,4.7964873,4.3926206,14927802368
APD,5.4146514,0.17767,0.26459998,3230200064.0,0.257,0.1936,3360100000,121100000.0,0.05685,61.435,0.16221,12698600448.0,12.5,221866000.0,59.25,309.91,10.08,24.7928,30.74504,68758495232
APH,3.8523462,0.14986,0.31682,1939900032.0,0.169,0.20407,3401800000,2232212480.0,0.10544,71.489,0.29444999,12410600448.0,3.05,595094976.0,11.044,80.34,2.96,26.340982,27.14189,47809929216
APTV,1.6889106,0.02214,0.14285,999000000.0,0.263,0.06789,2438000000,107000000.0,0.038310003,80.814,0.04301,16983000064.0,4.86,270950016.0,30.247,105.86,1.14,21.781893,92.85965,28682768384
ARE,10.119299,0.21697001,0.69808,1142717952.0,0.198,0.23677,1502850000,895188224.0,0.01175,51.445,0.03533,2499095040.0,2.66,164087008.0,108.329,154.12,3.32,57.939846,46.421688,25289089024
ATO,3.9959815,0.18431,0.43050998,977584000.0,0.271,0.22118,1808845000,-1541143552.0,0.02779,88.862,0.08939,4201661952.0,6.43,140900992.0,66.851,119.16,5.6,18.531883,21.278572,16789763072
ATVI,7.8156123,0.22754,0.71129,1758000000.0,-0.139,0.28123,6486000000,1273624960.0,0.05215,19.194,0.09363,7357000192.0,3.9,782625024.0,24.034,73.47,2.13,18.83846,34.492958,57499459584
AVB,9.315631,0.48189,0.64499,1371868032.0,0.207,0.30111998,1455149000,1020451264.0,0.024249999,72.975,0.11184,2553867008.0,5.06,139896992.0,80.277,170.06,8.8,33.608696,19.324999,23790882816
AVGO,6.7745514,0.3196,0.75132006,15694000128.0,0.249,0.40691003,20288000000,12515749888.0,0.10946,188.944,0.44731998,31680000000.0,40.51,405008000.0,51.546,529.91,23.1,13.080968,22.939825,215000000000
AVY,1.6935819,0.08883,0.27065,899200000.0,0.118,0.12198,2312800000,469824992.0,0.08758,156.07,0.42921,9196600320.0,10.41,80969000.0,24.745,192.36,9.89,18.478386,19.44995,15575196672
AWK,7.2931533,0.34575,0.56794,1176000000.0,-0.009,0.34339002,2153000000,-224375008.0,0.03119,153.686,0.18024999,3812000000.0,4.78,181828000.0,42.667,152.9,7.25,31.987446,21.089655,27801499648
AXP,2.3212214,0.15438,0.67660004,17654999040.0,0.149,0.20771,30799000000,,0.03838,183.726,0.31679,49622999040.0,10.56,747233024.0,32.048,154.15,9.97,14.597537,15.461383,115000000000
AZO,2.9923666,0.14949,0.52132,3211134976.0,0.089,0.20125,8472650000,1865351936.0,0.13723,,,16252229632.0,143.02,18981400.0,-185.032,2562.12,119.31,17.914417,21.47448,48632627200
BA,1.7306707,-0.13748,0.015420001,771000000.0,0.044,-0.07639,5190000000,4145250048.0,-0.02062,,,61420998656.0,2.3,595982976.0,-29.715,178.36,-8.285,77.54783,,106000000000
BAC,3.3048387,0.29950002,0.0,7326000128.0,0.009,0.33754003,93707000000,,0.0089,,0.10114,91516002304.0,3.72,8022430208.0,29.957,37.7,3.16,10.134409,11.93038,302000000000
BALL,1.1394434,0.0621,0.17822,660000000.0,0.112,0.09273,2726000000,-858249984.0,0.04464,261.567,0.26607,15475000320.0,3.24,313920000.0,11.085,56.17,2.97,17.33642,18.912457,17632886784
BAX,1.9152493,-0.16118999,0.38487,1464999936.0,0.17,0.1114,5250000000,769249984.0,0.04296,302.671,-0.32847,14739999744.0,3.64,504120992.0,10.981,56.0,2.0,15.384615,28.0,28230774784
BBWI,1.1973689,0.12472,0.44827,,-0.046,0.20815,3855000000,,,,,7699764224.0,3.69,228374000.0,-11.68,40.37,3.76,10.940379,10.736702,9219458048
BBY,0.38155967,0.03234,0.21459,2083000064.0,-0.111,0.04325,11634000000,725500032.0,0.0698,134.046,0.42635,47928000512.0,6.91,225131008.0,13.273,81.23,6.68,11.755427,12.16018,18287392768
BDX,3.5750127,0.094280005,0.45648998,2768999936.0,-0.018,0.13964,8614000000,1823124992.0,0.030840002,65.529,0.06679,18869999616.0,13.31,283376000.0,89.216,238.06,5.38,17.8858,44.24907,67460489216
BEN,1.6160376,0.15611,0.42479,1956700032.0,-0.111,0.24725,3515300000,-255162496.0,0.04897,28.245,0.100360006,8275299840.0,2.73,499559008.0,22.969,26.77,2.53,9.8058605,10.581028,13373195264
BF-B,8.632335,0.22186,0.60982,924000000.0,0.111,0.31978,2391000000,562249984.0,0.12309,80.085,0.32604998,4033999872.0,2.13,309924000.0,5.859,72.73,1.86,34.14554,39.102154,34822836224
BIIB,4.2401867,0.27643,0.77155,2397600000.0,-0.097,0.28537,8872000000,2313999872.0,0.07597,51.963,0.20226,10363199488.0,15.74,144000992.0,88.719,305.15,19.68,19.386911,15.505589,43941900288
BIO,4.273234,-2.15161,0.57069,261951008.0,-0.089,0.19079,1665661000,199064880.0,0.0209,16.312,-0.50742,2804730112.0,15.09,24749300.0,283.449,404.06,-3.387,26.776672,,11985267712
BK,2.241024,0.17563,0.0,15272999936.0,0.056,0.27064,16162000000,,0.00642,,0.06876,16472000512.0,4.64,808280000.0,43.177,45.67,3.28,9.842672,13.92378,36914147328
BKNG,4.8048067,0.15235,0.85314006,4659999744.0,0.294,0.2901,8780000000,5144374784.0,0.12796,258.038,0.52979,16021999616.0,122.67,38789400.0,93.888,1984.63,60.41,16.17861,32.852673,76982607872
BKR,1.3860626,-0.023629999,0.20732,1764000000.0,0.054,0.08092,4049000000,1235000064.0,0.03043,46.321,-0.027390001,20736000000.0,1.66,1001470016.0,14.116,28.5,0.4,17.168674,71.25,28741394432
BLK,5.944191,0.29836,0.4985,4899999744.0,-0.146,0.3755,9818000000,5008999936.0,0.03069,21.943,0.13909,18641999872.0,33.62,150196000.0,246.986,737.78,3.3,21.944677,223.5697,111000000000
BMY,3.6047094,0.14286,0.79424006,13816999936.0,-0.035,0.2195,37048000000,13971500032.0,0.061329998,122.722,0.19115,46738001920.0,7.94,2126160000.0,15.382,79.24,3.07,9.979849,25.811075,168000000000
BR,3.0130394,0.090059996,0.27697,374400000.0,0.076,0.12832,1592200000,782187520.0,0.05771,227.347,0.2856,5799499776.0,7.52,117655000.0,16.174,148.52,4.4,19.75,33.754547,17474121728
BRK-B,2.3636203,-0.00452,-0.00304,34817998848.0,0.09,-0.00304,115000000000,-23768750080.0,-0.00062,25.12,-0.00102,296000000000.0,15.37,1301980032.0,310560.2,317.43,5.21,20.652569,60.927063,699000000000
BRO,4.924084,0.18433,0.48419997,914468992.0,0.203,0.27013,1413388000,454327488.0,0.04942,100.821,0.14927,3408498944.0,2.49,283222016.0,15.216,59.26,2.21,23.799196,26.814478,16783735808
BSX,5.031948,0.051960003,0.69372004,1196999936.0,0.081,0.17275,8241000000,1070750016.0,0.042519998,50.646,0.0383,12567000064.0,1.94,1432310016.0,12.318,44.15,0.41,22.757732,107.68293,63236489216
BWA,0.644427,0.0533,0.18849,1220999936.0,0.189,0.089329995,2855000000,765000000.0,0.05262,61.489,0.12819,15347999744.0,4.96,234154000.0,28.934,42.24,3.44,8.5161295,12.27907,9890665472
BXP,3.6975706,0.30014,0.63403,1258770944.0,0.086,0.34662998,1826695000,1171980288.0,0.02826,170.211,0.13231,3037533952.0,2.41,156755008.0,39.269,71.65,5.8,29.73029,12.353448,11231496192
C,1.3220232,0.21916,0.0,-2106000000.0,-0.028,0.27717,74990000000,,0.00666,,0.0789,70747996160.0,6.38,1936850048.0,92.71,48.29,7.45,7.5689654,6.4818797,93530488832
CAG,1.5092981,0.04881,0.24775,1301200000.0,0.095,0.13754,2860600000,427312512.0,0.04527,105.427,0.066810004,11786900480.0,2.61,479255008.0,17.745,37.12,1.19,14.222222,31.193275,17789945856
CAH,0.1106716,-0.00585,0.034849998,3791000064.0,0.128,0.00835,6545000000,4123875072.0,0.02259,,,187000000000.0,6.3,262134000.0,-6.798,78.95,-3.377,12.531745,,20695478272
CARR,1.8079684,0.17546,0.2739,1532999936.0,0.021,0.122600004,6008000000,3181625088.0,0.061279997,125.995,0.49547002,20448999424.0,2.53,836262016.0,8.553,44.21,4.15,17.474308,10.653011,36971143168
CAT,2.1660733,0.13017,0.25634,6439000064.0,0.209,0.15874,13189000000,7360374784.0,0.06949,233.805,0.45611,56627998720.0,14.99,520408992.0,29.959,235.7,13.74,15.723816,17.154295,123000000000
CB,2.1530147,0.14735,0.25882998,11192000512.0,0.111,0.16925,11443000000,5451624960.0,0.0222,42.73,0.11485,41684000768.0,18.11,415049984.0,114.787,216.23,14.35,11.939812,15.068292,89746259968
CBOE,3.4946914,0.063140005,0.43848,106100000.0,0.216,0.24593,1476100000,788187520.0,0.07892,61.018,0.071040004,3820199936.0,7.08,106082000.0,31.05,125.85,2.24,17.775423,56.183033,13350419456
CBRE,0.78298354,0.064720005,0.21995,1978866048.0,0.108,0.0552,6166529000,1709321472.0,0.05386,50.037,0.23833999,31183974400.0,5.26,315948992.0,25.582,77.28,6.09,14.692015,12.689654,24416538624
CCI,8.892096,0.23472999,0.69865996,2772000000.0,0.079,0.3454,4347000000,1428625024.0,0.03813,361.61,0.19931999,6876000256.0,3.78,433048000.0,17.734,141.19,3.73,37.351852,37.852547,61142048768
CCL,1.3140811,-0.73984003,0.25549,-1920999936.0,6.886,-0.50380003,-809000000,-3613250048.0,-0.057439998,421.124,-0.61225,9617000448.0,0.5,1112710016.0,6.655,9.73,-8.31,19.46,,12637517824
CDAY,8.644712,-0.065170005,0.436,90700000.0,0.227,-0.00344,436000000,231800000.0,-0.0003,61.432,-0.03637,1192199936.0,1.19,153595008.0,13.361,67.1,-0.553,56.38655,,10306225152
CDNS,13.361705,0.22858,0.89874,1194115968.0,0.202,0.31044,2681238000,1021512000.0,0.14516,29.459,0.29409,3434876928.0,4.64,274316000.0,9.872,167.31,2.85,36.05819,58.705265,45895811072
CDW,1.0684894,0.043720003,0.18791,1241900032.0,0.173,0.07154,3568500000,1052037504.0,0.09483,514.065,0.96403,23847299072.0,10.41,135391008.0,9.8,188.2,7.61,18.07877,24.730618,25480587264
CE,1.1818652,0.17198,0.28302,1862000000.0,0.015,0.2001,2682000000,524375008.0,0.07294,237.722,0.34919,9600000000.0,13.17,108428000.0,45.67,104.64,15.17,7.94533,6.897825,11345905664
CEG,1.4034661,-0.00671,0.06984,-2243000064.0,0.373,0.00168,2745000000,150875008.0,0.0005,47.936,-0.01345,22638999552.0,4.56,327017984.0,33.035,97.16,2.15,21.307018,45.190697,31773069312
CF,1.916716,0.28701,0.51808,4750000128.0,0.704,0.49991,2387000000,3625625088.0,0.27739,45.738,0.59586,11118000128.0,14.23,196188992.0,22.473,108.62,15.3,7.6331697,7.0993466,21310048256
CFG,2.8449757,0.26878,0.0,3783000064.0,0.214,0.35037997,7058000000,,0.00947,,0.08375,7255000064.0,5.17,492491008.0,42.618,41.91,4.01,8.106382,10.451371,20640299008
CHD,3.6242764,0.13878,0.41985,874300032.0,0.004,0.18322,2263500000,566099968.0,0.07758,72.835,0.20459999,5308299776.0,3.12,243868000.0,15.179,78.89,2.99,25.285257,26.384615,19238746112
CHRW,0.44486055,0.04112,0.075219996,952643968.0,-0.04,0.053200003,1608479000,828140224.0,0.1297,152.764,0.59224,26131652608.0,5.7,117709000.0,13.911,98.76,8.25,17.326317,11.970909,11624941568
CHTR,1.1338537,0.102110006,0.45442,15363999744.0,0.031,0.23215,23271000000,6526374912.0,0.05431,788.04,0.37183,53560000512.0,36.64,155672000.0,57.101,390.11,32.13,10.647107,12.141611,60729200640
CI,0.5500809,0.03674,0.12821001,10832000000.0,0.019,0.04504,23159000000,9090249728.0,0.03396,71.076,0.14427,180000000000.0,24.82,305739008.0,147.579,323.9,20.83,13.049959,15.549687,99028860928
CINF,2.5515103,-0.00429,0.0034,1884000000.0,-0.211,-0.011820001,3827000000,301249984.0,-0.00172,9.405,-0.00273,6766000128.0,4.91,157184000.0,60.032,109.83,3.21,22.368637,34.214954,17263519744
CL,3.6141918,0.108669996,0.5768,2988999936.0,0.009,0.20315,10375000000,1811374976.0,0.14005,783.381,2.03077,17741000704.0,3.16,835214016.0,0.745,76.77,2.29,24.294302,33.524017,64119377920
CLX,2.6198065,0.05752,0.3552,923000000.0,-0.037,0.09288,2545000000,478375008.0,0.06578,646.976,0.79578,7040999936.0,5.36,123385000.0,2.643,149.5,3.27,27.89179,45.718655,18446057472
CMA,2.8843963,0.31545,0.0,470000000.0,0.201,0.41754,3351000000,,0.011519999,,0.15988,3262000128.0,10.04,130952000.0,35.709,71.85,7.56,7.1563745,9.503968,9408901120
CMCSA,1.2715911,0.04458,0.68413,28219000832.0,-0.015,0.18905,77935000000,11324624896.0,0.05391,120.015,0.05618,121000000000.0,3.78,4313959936.0,18.572,35.65,1.18,9.431217,30.211866,154000000000
CME,12.722797,0.54129004,1.0,2742799872.0,0.107,0.59389997,4679300000,1967887488.0,0.01006,13.983,0.09646,4947999744.0,8.35,359724992.0,78.719,175.0,7.33,20.958082,23.874489,62952398848
CMG,4.991631,0.09612001,0.38341,1360025984.0,0.137,0.12452,2904063000,743632256.0,0.09742,160.23,0.34877,8414686208.0,43.07,27721100.0,83.867,1515.2,28.82,35.17994,52.5746,42003009536
CMI,1.3502611,0.07318,0.23771,1876999936.0,0.229,0.095319994,5695000000,545875008.0,0.05898,91.04,0.20834999,26154000384.0,19.71,141022000.0,59.423,250.42,13.43,12.705226,18.646313,35314728960
CMS,2.1291864,0.15627,0.32007998,1003000000.0,0.173,0.1619,2646000000,-2374500096.0,0.02776,183.302,0.107370004,8351000064.0,3.11,290252000.0,23.042,61.26,2.66,19.69775,23.030073,17780836352
CNC,0.36046466,0.01511,0.18495001,8512000000.0,0.132,0.03766,19574000000,6158374912.0,0.03949,84.234,0.07705,133000000000.0,6.34,566259968.0,44.516,84.86,3.47,13.384858,24.455332,48052822016
CNP,2.1896904,0.17671,0.38301,1864000000.0,0.088,0.17312999,3207000000,-284750016.0,0.02614,156.202,0.101940006,8924000256.0,1.49,629536000.0,14.612,31.04,1.43,20.832214,21.706295,19540797440
COF,1.3154365,0.28977,0.0,10314000384.0,-0.127,0.37197,32379000000,,0.01967,,0.14954,29515999232.0,16.06,381699008.0,120.468,101.72,20.34,6.333749,5.000983,38826422272
COO,4.8187227,0.13372,0.66295,736200000.0,0.105,0.17624001,1985200000,727137472.0,0.03351,44.232,0.062080003,3219399936.0,13.12,49346000.0,143.669,314.38,8.59,23.961891,36.59837,15513396224
COP,2.0548267,0.23482999,0.50233,27590000640.0,0.865,0.35069,22936000000,16794250240.0,0.18507999,34.559,0.38754,76899000320.0,13.47,1246070016.0,39.387,126.81,13.91,9.414253,9.116463,158000000000
COST,1.0407397,0.02575,0.12149,7392000000.0,0.15,0.03434,27572000000,2280875008.0,0.07892,52.821,0.30549,227000000000.0,16.15,442604000.0,46.631,533.66,13.14,33.04396,40.61339,236000000000
CPB,1.8569453,0.08841,0.3074,1180999936.0,0.061,0.14693,2632000000,891124992.0,0.06656,151.515,0.23339,8561999872.0,3.05,299758016.0,11.14,53.04,2.51,17.390165,21.131475,15899165696
CPRT,8.649825,0.3001,0.45329,1175702016.0,0.103,0.37844002,1641004000,530891744.0,0.16128,2.385,0.24879,3584161024.0,2.57,476300000.0,10.191,65.09,2.2,25.326847,29.58636,31002365952
CPT,9.195393,0.59977,0.63123,717974976.0,0.247,0.18863001,717242000,729376000.0,0.01887,72.372,0.18360001,1368528000.0,1.5,106528000.0,46.378,118.13,7.68,78.753334,15.381511,12584152064
CRL,3.2686012,0.11541,0.37387002,614140992.0,0.104,0.18231001,1337470000,400647616.0,0.05967,125.474,0.17262,3781266944.0,11.43,50878700.0,51.631,242.92,8.56,21.252842,28.378504,12359453696
CRM,5.230219,0.01828,0.72612,6396000256.0,0.218,0.0044,19466000000,9370250240.0,0.00088,23.826,0.00927,29319999488.0,5.61,1000000000.0,60.158,153.35,0.52,27.335115,294.90387,153000000000
CSCO,3.8025599,0.21997,0.62233,13761000448.0,0.057,0.26971,32248000000,10578499584.0,0.093260005,24.588,0.27725,52288999424.0,3.83,4108100096.0,9.815,48.4,2.77,12.637076,17.472925,199000000000
CSGP,15.373122,0.15974,0.81513,444102016.0,0.115,0.21937999,1586894000,364577248.0,0.03783,16.518,0.05491,2115840000.0,1.46,406689984.0,16.494,79.98,0.85,54.780823,94.09412,32527067136
CSX,4.626747,0.28055,0.49986,5535000064.0,0.183,0.39903998,6643000000,2845874944.0,0.08811,140.107,0.31334,14549999616.0,1.9,2102409984.0,6.03,32.02,1.88,16.852633,17.031916,67319169024
CTAS,5.70312,0.15464,0.46253,1573639936.0,0.142,0.20106001,3632246000,1112018432.0,0.12667,98.142,0.38425,8123962880.0,13.92,101545000.0,31.809,456.27,11.93,32.778015,38.245598,46331936768
CTLT,1.543774,0.088290006,0.32622,184000000.0,-0.003,0.14819,1640000000,-453750016.0,0.04384,89.723,0.093830004,4824999936.0,3.76,179964000.0,26.111,41.39,2.34,11.007978,17.688034,7448709632
CTRA,2.3395567,0.42676,0.87286,4922999808.0,3.053,0.56668,2851000000,3063006976.0,0.26327,21.2,0.52959996,9304999936.0,4.18,788467008.0,16.055,27.61,5.51,6.6052637,5.010889,21769574400
CTSH,1.6166512,0.12109,0.36409,2691000064.0,0.024,0.15589,6914000000,2363749888.0,0.10913,12.711,0.19954,19366000640.0,4.71,513920992.0,23.265,60.92,4.49,12.934182,13.567929,31308066816
CTVA,2.770019,0.07955,0.40627998,1400000000.0,0.171,0.13665,6435000000,1570375040.0,0.03574,11.374,0.05641,17109000192.0,3.12,714492032.0,34.687,66.33,1.93,21.259617,34.367878,47392256000
CVS,0.42327207,0.010030001,0.1694,22133999616.0,0.101,0.04704,50849000000,17603125248.0,0.03966,100.086,0.04341,314000000000.0,8.86,1313970048.0,53.751,101.26,2.37,11.428895,42.725742,133000000000
CVX,1.5644212,0.15048,0.39185002,46562000896.0,0.492,0.1627,66234000000,28547624960.0,0.09241,14.81,0.23156,227000000000.0,17.13,1933639936.0,82.063,183.7,17.58,10.723877,10.449374,355000000000
CZR,1.0063859,-0.11188,0.47384998,704000000.0,0.075,0.14096,4924000000,1551500032.0,0.02572,654.985,-0.18157,10592000000.0,0.87,214566000.0,17.851,49.68,-6.014,57.103447,,10659639296
D,3.1764705,0.14726,0.47090998,3172999936.0,0.381,0.26337,6808000000,-1909624960.0,0.026129998,155.633,0.06609,16140999680.0,4.31,833275008.0,32.161,61.53,2.14,14.276102,28.752335,51271409664
DAL,0.48277873,0.00174,0.17586,5730999808.0,0.527,0.05824,2171000000,806875008.0,0.023340002,695.773,0.02251,46617001984.0,4.83,641187968.0,7.192,35.1,0.13,7.2670803,270.0,22505697280
DD,2.0524306,0.10704,0.34449002,1335000064.0,0.037,0.16381,5850000000,-3007000064.0,0.039189998,48.273,0.06522,17245999104.0,4.94,496788992.0,50.145,71.25,3.17,14.423077,22.47634,35396214784
DE,2.5342731,0.13563,0.31351998,4698999808.0,0.38,0.19453,16484000000,1658000000.0,0.07342,254.944,0.36761,52577001472.0,28.81,301820000.0,67.45,441.47,20.01,15.323499,22.06247,133000000000
DFS,2.7502186,0.40974,0.95418,6306999808.0,0.044,0.54952997,11369000000,,0.03841,141.236,0.32132,10801999872.0,13.95,273225984.0,48.422,108.73,15.4,7.7942657,7.06039,29707862016
DG,1.6415807,0.0655,0.31421,2496282880.0,0.09,0.08839,10813006000,806689280.0,0.07269,250.347,0.37566003,35346350080.0,12.69,225572000.0,27.435,257.23,0.84,20.270292,306.22623,58023886848
DGX,1.6491157,0.119969994,0.36138,1864999936.0,-0.104,0.18234,4243000000,1249374976.0,0.08756,73.082,0.20403999,10293999616.0,8.49,113887000.0,54.693,149.06,10.19,17.557127,14.628067,16975995904
DHI,0.8628066,0.17495,0.30078,561800000.0,0.189,0.22951001,10070100000,-1240000000.0,0.17667,30.968,0.33687,33479999488.0,9.94,344340992.0,56.392,83.89,16.51,8.439638,5.081163,28886765568
DHR,6.220648,0.21648,0.60835,8311000064.0,0.06,0.27686,18056000000,5781624832.0,0.066139996,43.085,0.14958,31249999872.0,10.45,727963008.0,62.257,267.04,9.07,25.554068,29.44212,194000000000
DIS,2.1286654,0.03802,0.08184,6009999872.0,0.087,0.08184,6770000000,6240124928.0,0.02078,44.63,0.03374,82721996800.0,5.35,1780999936.0,53.345,98.87,1.75,18.480375,56.497143,176000000000
DISH,0.49707013,0.112399995,0.32672,2913086976.0,-0.08,0.13958,6142823000,-8247048192.0,0.03304,126.799,0.12106,17082691584.0,1.48,292271008.0,32.014,16.0,3.03,10.810811,5.280528,8491295744
DLR,7.2445126,0.31945,0.60080004,1654903040.0,0.005,0.13861,2791645000,1845453696.0,0.01042,90.303,0.07991,4512797184.0,1.22,287521984.0,56.806,111.27,4.88,91.20491,22.801228,32693016576
DLTR,1.2087339,0.05841,0.31398,1146899968.0,0.081,0.08071,7746100000,-333224992.0,0.06306,125.107,0.20843,27691599872.0,8.0,221184000.0,37.411,151.33,6.89,18.91625,21.963717,33471774720
DOV,2.4011579,0.13934,0.36180001,794360000.0,0.069,0.16093999,2982681000,472467136.0,0.08180001,90.983,0.29546,8358141952.0,8.91,140354000.0,28.438,142.99,8.05,16.048262,17.762733,20069218304
DOW,0.61080027,0.09603,0.16579,7971999744.0,-0.049,0.12258001,10777000000,4406624768.0,0.075040005,79.226,0.32274,59406999552.0,4.39,703758976.0,25.743,51.56,7.73,11.744875,6.6701164,36285812736
DPZ,3.0686412,0.10018,0.26021,499759008.0,0.071,0.16528,1208741000,358700864.0,0.27186,,,4488139776.0,14.16,35399400.0,-121.942,389.06,12.35,27.475988,31.502832,13772490752
DRI,1.8588353,0.09364,0.19877,1502300032.0,0.061,0.11452,1995000000,839662528.0,0.06804,288.799,0.38061002,9770099712.0,8.63,122387000.0,16.85,148.39,7.2,17.19467,20.609722,18161006592
DTE,1.1463326,0.057940003,0.18315001,2107000064.0,0.413,0.08495,3336000000,-1898375040.0,0.025309999,221.934,0.1273,19399000064.0,6.26,193742000.0,46.35,114.78,5.76,18.335463,19.927082,22237706240
DUK,2.7791789,0.14245,0.46498,6250999808.0,0.146,0.22132,12206000000,-4401249792.0,0.02224,141.697,0.07247,27602999296.0,5.68,770062976.0,62.835,99.62,4.93,17.538733,20.206898,76713672704
DVA,0.5723303,0.05841,0.29697,1750736000.0,0.004,0.12412,3646383000,1044261760.0,0.05219,580.674,0.3749,11636972544.0,6.69,90100000.0,5.912,73.92,6.95,11.049327,10.635971,6660191744
DVN,2.3785145,0.33644,0.60069,8234999808.0,0.298,0.43492,7414000000,1294625024.0,0.22891001,61.188,0.63235,18784999424.0,9.0,653699968.0,16.625,68.35,9.6,7.5944443,7.119791,44680392704
DXC,0.44426343,0.049250003,0.21632999,1342000000.0,-0.114,0.09154,3582000000,1352125056.0,0.04646,111.71,0.15411,15370000384.0,4.61,230064992.0,20.062,29.68,3.02,6.4381776,9.827815,6828328960
DXCM,15.490151,0.06513,0.64967,642800000.0,0.184,0.10122,1680500000,98825000.0,0.03652,116.865,0.091850005,2792800000.0,1.08,386257984.0,4.724,112.0,0.44,103.7037,254.54546,43260895232
EA,4.942598,0.12368,0.75251,1788000000.0,0.043,0.19327,5143000000,1435500032.0,0.06744,28.52,0.115109995,7285000192.0,7.87,278044992.0,28.149,129.5,3.25,16.454893,39.846153,36006825984
EBAY,2.4693232,0.00283,0.72792,1863000064.0,-0.048,0.25004998,7770000000,2096375040.0,0.06398,171.069,-0.35928002,9898000384.0,4.24,542659008.0,8.921,45.04,18.498,10.6226425,2.434858,24441362432
ECL,3.0563016,0.08128,0.38479,1570099968.0,0.105,0.13084,5211200000,775437504.0,0.05827,126.246,0.16293,13881199616.0,4.99,284828000.0,24.796,148.95,3.92,29.8497,37.997448,42425131008
ED,2.2983353,0.11253,0.52079,3639000064.0,0.153,0.1749,7668000000,-1190499968.0,0.02557,124.28,0.07801,15054000128.0,4.8,354863008.0,58.445,97.5,4.79,20.3125,20.354906,34599141376
EFX,4.73998,0.13715,0.58211,817000000.0,0.017,0.21872,2943000000,-725000.0,0.06322,155.792,0.19482,5177500160.0,7.73,122443000.0,30.711,200.43,5.75,25.928848,34.85739,24541249536
EIX,1.4833888,0.04354,0.5374,2539000064.0,-0.013,0.18464,8708000000,-2445250048.0,0.02549,184.242,0.04231,16535000064.0,4.79,381875008.0,35.129,64.23,1.9,13.409186,33.805264,24527833088
EL,4.5442667,0.1266,0.75253,2471000064.0,-0.105,0.18917999,13432000000,1372625024.0,0.09827,120.917,0.33173,17275000832.0,7.08,231270000.0,15.452,220.01,6.02,31.074858,36.546513,78502207488
ELV,0.8008049,0.04054,0.25655,11589000192.0,0.115,0.059159998,35998000000,10044999680.0,0.056360003,66.46,0.17211,153000000000.0,32.7,238828000.0,150.606,513.86,25.5,15.714373,20.151373,123000000000
EMN,0.9574104,0.107329994,0.21667999,948000000.0,-0.004,0.15878999,2504000000,1424625024.0,0.06925,96.25,0.20113,10901000192.0,8.29,119990000.0,44.889,86.98,9.02,10.49216,9.643016,10436730880
EMR,2.895989,0.16459998,0.41714,2921999872.0,0.083,0.1859,8188000000,2465125120.0,0.07553,66.597,0.24620001,19629000704.0,4.61,591400000.0,17.525,96.12,5.41,20.850325,17.7671,56845369344
ENPH,21.504986,0.14671,0.40973,588275968.0,0.806,0.17608,554422000,416894240.0,0.09017,214.642,0.47096002,2018919936.0,5.31,135924000.0,4.49,319.42,2.04,60.15443,156.57845,43416846336
EOG,2.8857653,0.25718,0.6875,10814999552.0,0.452,0.33146998,13034000000,4499624960.0,0.15491,22.303,0.32740003,29034000384.0,15.55,587390016.0,40.612,142.64,12.74,9.17299,11.196233,83785310208
EPAM,4.271738,0.08651,0.32683998,562649024.0,0.241,0.14496,1274447000,502176256.0,0.12207,7.152,0.15954,4700858880.0,12.49,57513500.0,47.949,349.15,7.15,27.954363,48.832165,20080838656
EQIX,9.445037,0.10573,0.44157,3095098112.0,0.075,0.10702,2787604000,2368861440.0,0.01549,143.656,0.06434,6610006016.0,8.94,92538096.0,120.54,674.66,7.64,75.465324,88.30628,62431748096
EQR,9.289419,0.42709,0.63195,1402199040.0,0.115,0.27734,1515205000,1353780224.0,0.02271,67.121,0.104729995,2680606976.0,1.59,377919008.0,29.262,63.53,2.92,39.955975,21.756847,24901281792
EQT,1.3746965,0.16108,0.79990995,3572704000.0,,0.29825002,4672261000,994675264.0,0.09403,49.379,0.20762,11489074176.0,9.62,367046016.0,26.127,43.03,6.25,4.472973,6.8848,15793989632
ES,2.4455485,0.1185,0.45371,2131230976.0,0.322,0.19875999,4751056000,-294900256.0,0.02928,144.464,0.093260005,11741508608.0,4.36,348307008.0,43.988,82.44,4.03,18.908257,20.456575,28714430464
ESS,8.699851,0.21979,0.69383,1014116992.0,0.084,0.33158,1070627000,789597504.0,0.02671,105.492,0.06342,1638012032.0,5.74,64753800.0,88.079,212.61,5.52,37.04007,38.516304,14250461184
ETN,3.2759073,0.11366,0.32832,2142000000.0,0.079,0.14048,6335000000,1400625024.0,0.0517,58.716,0.14285,20166000640.0,8.24,397700000.0,40.402,166.11,5.71,20.158981,29.091068,66061946880
ETR,1.8160826,0.095019996,0.39144,2099170944.0,0.258,0.12438,4883866000,-6824621568.0,0.017439999,222.389,0.10498,13214192640.0,6.76,210972000.0,59.447,113.75,6.16,16.826923,18.46591,23998064640
ETSY,,,,,,,1674602000,,,,,,,,,120.31,,44.724907,44.069595,15121522688
EVRG,2.3756347,0.14007,0.46338,1793400064.0,0.181,0.22198999,2656700000,-695912512.0,0.02755,121.304,0.08568,5701600256.0,3.72,229536000.0,41.863,59.01,3.46,15.862903,17.054913,13544919040
EW,8.801658,0.27197,0.78925,1308999936.0,0.007,0.31819,3983600000,947562496.0,0.127,11.046,0.24811001,5363800064.0,2.53,618259968.0,10.038,76.36,2.33,30.181818,32.772533,47210332160
EXC,1.0691165,0.05716,0.29483,3012000000.0,-0.004,0.13182999,10183000000,-1672125056.0,0.02715,157.282,0.07287,37245001728.0,2.36,993742016.0,24.737,40.07,2.06,16.978815,19.451456,39819243520
EXPD,0.9432184,0.083620004,0.13365,1947972992.0,0.01,0.11501,2216724000,1688378240.0,0.19989,14.276,0.46293,19026098176.0,5.75,159136000.0,21.883,112.77,9.5,19.612173,11.870526,17945765888
EXPE,1.3985908,0.04952,0.85522,3907000064.0,0.222,0.1099,7076000000,2632999936.0,0.03551,176.461,0.15393,11328000000.0,9.42,150567008.0,14.493,101.5,2.97,10.774947,34.175083,15843236864
EXR,11.60681,0.49087003,0.77031,1171188992.0,0.212,0.55237997,1230417000,656500608.0,0.060370002,177.607,0.26450002,1884096000.0,6.42,133922000.0,24.273,155.62,6.89,24.239874,22.586357,21868343296
F,0.37307233,0.05939,0.11384,9205999616.0,0.104,0.070489995,16507000000,6723125248.0,0.02676,308.311,0.22494,152000000000.0,1.71,3949639936.0,10.478,14.08,2.24,8.233918,6.285714,56608497664
FANG,2.8797035,0.48006,0.89272004,6050999808.0,0.304,0.65823,5577000000,1826625024.0,0.16153999,38.192,0.33988,9125999616.0,25.09,175999008.0,78.818,149.32,24.52,5.9513755,6.0897226,26280173568
FAST,4.3967977,0.15732999,0.4636,795500032.0,0.16,0.20854001,2777200000,469887488.0,0.20079,25.588,0.35015,6816900096.0,1.93,572760000.0,5.519,52.33,1.86,27.11399,28.134409,29972531200
FBHS,1.0671109,0.09353,0.35791,546700032.0,0.034,0.14347,2752700000,152350000.0,0.088599995,116.485,0.24731001,8044700160.0,5.73,128243000.0,23.628,66.94,5.65,11.682374,11.847788,8584586752
FCX,2.2901585,0.16721001,0.44833001,6350000128.0,-0.178,0.33321998,10813000000,3338374912.0,0.09972,44.208,0.20808001,23185999872.0,1.7,1429330048.0,10.465,37.15,2.64,21.852942,14.07197,53099614208
FDS,9.41312,0.21525998,0.52757,538276992.0,0.212,0.29273,972786000,469310240.0,0.10814,166.758,0.33812,1843891968.0,16.38,38098200.0,34.996,455.58,10.25,27.813187,44.446827,17356777472
FDX,0.48528114,0.03788,0.2477,9354999808.0,0.056,0.05969,23411000000,1421624960.0,0.04211,149.741,0.14512,94750998528.0,18.06,260220000.0,96.611,176.7,13.57,9.784053,13.021371,45980872704
FE,1.9390858,0.10516,0.67166,2544000000.0,0.112,0.1774,7418000000,-128125000.0,0.02938,189.162,0.13399,11752999936.0,2.51,571753024.0,18.844,39.86,2.2,15.880479,18.118181,22790076416
FFIV,3.4769924,0.1195,0.79983,442631008.0,0.026,0.15501,2156218000,389898496.0,0.05084,26.921,0.13342,2695845120.0,13.36,60368600.0,41.246,155.27,5.25,11.622006,29.57524,9373432832
FIS,2.7026887,0.06468,0.38734,3911000064.0,0.028,0.10486,5195000000,3149250048.0,0.011870001,41.56,0.02039,14485999616.0,6.79,593379008.0,75.799,65.98,1.53,9.717232,43.124187,39151149056
FISV,3.7484314,0.119849995,0.52687,4328000000.0,0.085,0.1775,8098000000,5571250176.0,0.02544,68.635,0.06713,17362999296.0,7.29,635027968.0,47.682,102.49,3.21,14.058985,31.928349,65084014592
FITB,3.2439082,0.30729,0.0,5696999936.0,-0.028,0.39034,8297000000,,0.01148,,0.12084,7719000064.0,3.97,686396032.0,21.301,36.48,3.24,9.188917,11.259259,25039726592
FLT,4.2252884,0.28514,0.78043,1036129024.0,0.182,0.42378,2273917000,538886144.0,0.06343,324.25,0.3532,3345774080.0,17.23,73752400.0,30.207,191.68,12.25,11.124783,15.6473465,14136859648
FMC,2.908934,0.11623,0.40396,539699968.0,0.153,0.21215999,2171700000,501849984.0,0.07006,115.77,0.23025998,5593900032.0,8.34,125966000.0,25.31,129.18,5.73,15.489207,22.5445,16272286720
FOX,1.1712261,0.07854,0.34835,2124999936.0,0.048,0.18172,4857000000,1702249984.0,0.07036,65.385,0.09681,14120999936.0,2.35,240219008.0,21.164,29.45,2.0,12.531916,14.725,16538885120
FOXA,1.1712267,0.07854,0.34835,2124999936.0,0.048,0.18172,4857000000,1702249984.0,0.07036,65.385,0.09681,14120999936.0,3.19,302475008.0,21.164,31.29,2.0,9.808778,15.645,16538893312
FRC,3.9903607,0.29487,0.0,1208999936.0,0.172,0.38794997,4975000000,,0.00889,,0.10520001,5694000128.0,7.11,182924992.0,73.733,124.21,8.4,17.46976,14.786905,22721114112
FRT,8.557304,0.36479,0.67743,514608992.0,0.108,0.33411998,643333000,312580640.0,0.02779,140.256,0.13319,1054684032.0,2.55,81209504.0,33.756,110.25,4.76,43.235294,23.161764,9025252352
FTNT,10.086676,0.18119,0.7521,1569299968.0,0.326,0.20061001,2559200000,849662528.0,0.09089,,2.89236,4097999872.0,1.4,781235968.0,-0.814,52.91,0.9,37.79286,58.78889,41335193600
FTV,4.2471185,0.122209996,0.57625,1113600000.0,0.119,0.17804001,3009900000,1006475008.0,0.04088,37.878,0.07435,5670600192.0,3.34,353808000.0,26.543,68.07,1.93,20.38024,35.269432,24083709952
GD,1.793459,0.08623,0.16879,5608999936.0,0.043,0.11424,6408000000,3646874880.0,0.054130003,74.341,0.20076999,38848000000.0,14.02,274548992.0,64.416,253.77,12.0,18.10057,21.147501,69672296448
GE,1.2828742,-0.07779,0.24458,3848999936.0,0.028,0.05124,18411000000,40965750784.0,0.0115,100.479,-0.13579,75071995904.0,4.35,1092669952.0,28.8,88.14,-4.538,20.26207,,96307929088
GEN,5.2394466,0.20571,0.85137004,783000000.0,0.081,0.39958,2388000000,1644749952.0,0.06345,596.172,0.80627,2872999936.0,2.02,651360000.0,2.569,23.11,0.99,11.440595,23.343435,15052930048
GILD,3.986982,0.12286,0.79223,9710000128.0,-0.051,0.39301997,21779000000,8587749888.0,0.102819994,119.784,0.15562001,27136000000.0,6.76,1254240000.0,16.811,86.26,2.64,12.760355,32.67424,108000000000
GIS,2.5688262,0.15129,0.32632,3335099904.0,0.039,0.16705999,6405500000,2937787392.0,0.06311,106.801,0.27297002,19170500608.0,4.35,593536000.0,17.794,82.97,4.75,19.073565,17.46737,49245683712
GL,2.1985898,0.13606,0.24952999,1428045056.0,0.011,0.18422002,1317905000,26022250.0,0.02199,47.283,0.10888,5189597184.0,9.49,97270200.0,44.968,117.3,7.09,12.36038,16.54443,11409795072
GLW,1.9959244,0.12719,0.34179002,3020999936.0,-0.035,0.13777,5143000000,907374976.0,0.04261,64.756,0.1573,14458999808.0,2.26,845811008.0,13.711,34.12,2.16,15.097344,15.796295,28859070464
GM,0.39047033,0.06573,0.13564,17227999232.0,0.564,0.08169,18079000000,4913375232.0,0.03012,165.464,0.14555,147000000000.0,5.97,1420700032.0,46.62,40.46,5.88,6.7772193,6.880952,57481523200
GNRC,1.4551337,0.10286,0.33636,19400000.0,0.154,0.13946,1360082000,-33334000.0,0.08547,62.117,0.22721,4582576128.0,7.5,63356400.0,36.6,105.25,6.57,14.033334,16.019787,6668260864
GOOG,4.474378,0.23746,0.56099,92814999552.0,0.061,0.27849,147000000000,48262373376.0,0.13916999,11.567,0.26893,282000000000.0,5.29,6086000128.0,19.553,97.6,5.04,18.449905,19.36508,1260000000000
GOOGL,4.4743514,0.23746,0.56099,92814999552.0,0.061,0.27849,147000000000,48262373376.0,0.13916999,11.567,0.26893,282000000000.0,5.25,5973000192.0,19.553,97.46,4.98,18.563808,19.57028,1260000000000
GPC,1.2289782,0.05552,0.34922,1494680064.0,0.178,0.08286,6634136000,679824768.0,0.07294,109.912,0.34524,21375531008.0,8.6,141160992.0,25.996,186.1,8.32,21.639534,22.36779,26270060544
GPN,3.084141,0.00792,0.57601,2287723008.0,0.038,0.21666001,4788237000,1952037120.0,0.026919998,60.721,0.00414,8916511744.0,10.43,270400992.0,83.833,101.7,0.24,9.750718,423.75,27499780096
GRMN,3.529812,0.19542,0.57303,588556032.0,-0.043,0.21753,2890459000,197563376.0,0.088470004,1.704,0.16474001,4945520128.0,5.43,191664000.0,30.587,91.08,5.0,16.773481,18.216,17456756736
GS,2.7825544,0.29308,0.85578,48602001408.0,-0.147,0.37127,52699000000,,0.00925,485.995,0.12166,47324000256.0,37.45,338635008.0,305.847,388.86,37.57,10.383444,10.350279,132000000000
GWW,2.0650883,0.097799994,0.37849,1186000000.0,0.169,0.14271,4720000000,707249984.0,0.19406,106.05,0.64843005,14785000448.0,30.65,50529300.0,45.585,604.25,27.96,19.71452,21.61123,30532329472
HAL,1.7384471,0.09162,0.15185,1760999936.0,0.388,0.13748,2016000000,920875008.0,0.07488,117.122,0.26346,18992001024.0,2.92,908046976.0,8.393,36.36,1.93,12.452055,18.839378,33016588288
HAS,1.3852444,0.06696,0.48764,394500000.0,-0.149,0.12372,3243900000,942899968.0,0.04822,136.839,0.13699001,6191600128.0,5.25,138114000.0,21.548,62.1,2.98,11.828571,20.838926,8576879104
HBAN,3.2334125,0.29323,0.0,3167000064.0,0.023,0.31485,5958000000,,0.01133,,0.109189995,6800000000.0,1.56,1442729984.0,10.375,15.24,1.3,9.769231,11.723077,21987205120
HCA,1.1316717,0.089899994,0.38152,8438000128.0,-0.02,0.15094,22492000000,3614500096.0,0.11166,,11.82999,59799998464.0,18.21,282716992.0,-11.87,239.37,1.77,13.144976,135.23729,67673964544
HD,2.114827,0.10868,0.33514,13205999616.0,0.056,0.15496,50832000000,7223875072.0,0.20326,3829.969,14.65495,157000000000.0,16.93,1019190016.0,1.273,326.38,16.59,19.278204,19.673298,333000000000
HES,4.268834,0.17829001,0.68857,3591000064.0,0.776,0.35446998,5267000000,1071000000.0,0.11262,110.74,0.3074,10455000064.0,9.58,308308000.0,24.647,144.76,6.02,15.110647,24.04651,44630663168
HIG,1.0917544,0.088319995,0.34208,4128000000.0,-0.017,0.120799996,7940000000,4698999808.0,0.02257,33.694,0.12687999,22134999040.0,8.46,318099008.0,39.5,75.97,5.73,8.979905,13.25829,24165982208
HII,0.87203974,0.054640003,0.13983,436000000.0,0.123,0.075229995,1368000000,128000000.0,0.04717,105.184,0.21997,10540999680.0,15.13,39903500.0,76.391,230.36,0.76,15.22538,303.10526,9192170496
HLT,10.866184,0.31212,0.72915,1330000000.0,0.378,0.56379,1765000000,1738749952.0,0.07868,,,3440999936.0,5.55,270456000.0,-3.362,138.25,3.84,24.909908,36.002605,37390540800
HOLX,3.7880113,0.26775,0.68078005,2125699968.0,-0.276,0.33894002,3310500000,1779187456.0,0.11451,59.916,0.28632,4862799872.0,3.91,245834000.0,19.731,74.93,5.14,19.163683,14.577822,18420340736
HON,4.2346067,0.15385,0.32344002,5570999808.0,0.056,0.20906,10998000000,4322625024.0,0.07335,97.873,0.29557,34936999936.0,9.24,672321984.0,26.337,220.05,7.81,23.814936,28.175417,148000000000
HPE,0.72799104,0.13313,0.33396,4512999936.0,0.008,0.07691,9376000000,-1028499968.0,0.023570001,67.528,0.19742,27978999808.0,2.03,1286700032.0,16.0,15.83,2.8,7.7980294,5.6535716,20368461824
HPQ,0.48154408,0.05085,0.19584998,4463000064.0,-0.112,0.08336,12335000000,2628375040.0,0.08501001,,,62983000064.0,3.66,1005939968.0,-2.924,30.15,3.05,8.237704,9.885246,30329090048
HRL,2.136775,0.07932,0.17398001,1327304960.0,0.06,0.102460004,1961806000,766898752.0,0.06351,45.074,0.14151,12630081536.0,2.0,546198016.0,13.479,49.41,1.82,24.705,27.148352,26987642880
HSIC,0.8756255,0.050619997,0.30223,624579968.0,-0.035,0.06966,3672251000,480420992.0,0.06475,28.869,0.14014,12607021056.0,4.97,135548000.0,26.697,81.44,4.66,16.386318,17.476397,11039029248
HST,2.8857474,0.17371,0.30969998,1270000000.0,0.404,0.14461,644000000,1260375040.0,0.03371,68.519,0.12354,4640000000.0,0.93,715027968.0,9.529,18.46,1.13,19.84946,16.336283,13389868032
HSY,4.7498074,0.15695,0.43265,2239361024.0,0.156,0.21733,4053818000,1251808256.0,0.13526,169.112,0.56521,10093083648.0,8.9,146968992.0,15.034,233.76,7.66,26.26517,30.516972,47940202496
HUM,0.7485847,0.03068,0.18516001,9617999872.0,0.045,0.043959998,14994000000,11464750080.0,0.05232,66.397,0.17221001,91485003776.0,28.04,126600000.0,128.388,540.95,22.17,19.292082,24.400091,68484272128
HWM,2.8956037,0.08004,0.28648,581000000.0,0.117,0.17792,1404000000,464624992.0,0.059580002,130.828,0.12697,5434999808.0,1.73,413712000.0,7.773,38.04,1.02,21.98844,37.29412,15737605120
IBM,2.1968613,0.02085,0.53782004,9013999616.0,0.065,0.11504,31486000000,6879750144.0,0.03223,267.166,0.06475,60535001088.0,9.67,896320000.0,22.205,148.37,6.089,15.343329,24.36689,133000000000
ICE,8.124945,0.34601003,1.0,3455000064.0,0.005,0.51494,7146000000,-1510749952.0,0.013090001,82.011,0.11733,7363999744.0,5.68,558552000.0,40.034,107.12,4.53,18.859156,23.6468,59832090624
IDXX,10.200351,0.2005,0.59159,579520000.0,0.039,0.26092,1889432000,371730624.0,0.21674,316.408,1.0875801,3339845888.0,9.4,82817000.0,5.735,411.36,7.94,43.761703,51.808563,34067599360
IEX,5.783914,0.18655,0.45229998,553200000.0,0.157,0.24102,1236100000,412688000.0,0.09538999,46.353,0.20813999,3086000128.0,8.52,75421104.0,37.11,236.66,7.55,27.776995,31.345695,17849159680
IFF,2.0468438,-0.13906999,0.3384,500000000.0,-0.003,0.109919995,4108000000,2219875072.0,0.0232,67.226,-0.09064999,12627000320.0,5.83,254962000.0,66.237,101.37,2.54,17.387651,39.90945,25845497856
ILMN,7.3291755,-0.88362,0.6983,527000000.0,0.006,0.04106,3225000000,637875008.0,0.00917,38.122,-0.47945,4700000256.0,3.03,157300000.0,42.873,218.99,4.44,72.27393,49.32207,34447126528
INCY,5.2272596,0.26302,0.46987998,801630016.0,0.013,0.18353,1340078000,605307520.0,0.0787,0.996,0.23756,3330788096.0,4.05,222475008.0,19.0,78.26,3.97,19.323456,19.712847,17410893824
INTC,1.7412449,0.19127001,0.46556,13667999744.0,-0.201,0.115389995,43815000000,-5988624896.0,0.029260002,39.569,0.14003,69540003840.0,1.88,4127000064.0,24.203,29.34,3.23,15.606383,9.083591,121000000000
INTU,8.692875,0.16233999,0.82194,3888999936.0,-0.057,0.20698,10460000000,3399624960.0,0.07613,45.861,0.15705,12725999616.0,15.85,281870016.0,58.315,392.47,7.28,24.761513,53.910713,111000000000
INVH,8.972201,0.16461,0.61302,1029292032.0,0.114,0.2894,1217310000,884309760.0,0.021259999,75.098,0.03612,2170530048.0,0.69,611409984.0,16.871,31.72,0.58,45.971012,54.689655,19474432000
IP,0.6185566,0.091359995,0.28322,1520000000.0,0.099,0.09004,5531000000,2648250112.0,0.043730002,60.856,0.20271,21113999360.0,3.15,355670016.0,26.682,36.72,5.23,11.657143,7.021033,13060203520
IPG,1.4187548,0.10571,0.21948999,808200000.0,0.015,0.14965999,2150700000,473087488.0,0.05096,132.892,0.30124,9447799808.0,2.62,388524992.0,8.584,34.5,2.52,13.167939,13.690476,13404111872
IQV,2.8558805,0.08262,0.34724,2392000000.0,0.05,0.13532,4641000000,1428749952.0,0.05015,236.637,0.21152,14307000320.0,10.91,185740000.0,28.778,219.98,6.21,20.163153,35.423508,40859082752
IR,3.7873635,0.11911,0.3818,740800000.0,0.144,0.13137001,1988500000,493412512.0,0.03217,31.666,0.06309,5711399936.0,2.47,404926016.0,21.611,53.42,1.34,21.62753,39.86567,21631148032
IRM,3.1240551,0.09955,0.573,855920000.0,0.139,0.20501,2604302000,111697128.0,0.042680003,2068.984,0.59843,4984112128.0,1.88,290713984.0,1.821,53.56,1.7,28.489363,31.505882,15570640896
ISRG,15.314563,0.22524,0.67767,1620600064.0,0.11,0.27052,3958500000,1188574976.0,0.07897,,0.12073,6117899776.0,5.46,353384992.0,32.594,265.13,3.79,48.55861,69.95515,93692960768
IT,5.129633,0.14407,0.69341004,1133099008.0,0.152,0.19845,3289869000,980505984.0,0.096829996,,5.64093,5277451776.0,9.62,79024400.0,-0.82,342.57,9.4,35.610188,36.44362,27071389696
ITW,4.4972105,0.17493999,0.40467,2311000064.0,0.128,0.23478001,5966000000,1767500032.0,0.14930001,253.086,0.84094,15640000512.0,9.32,307185984.0,9.808,228.97,8.76,24.567598,26.138126,70336372736
IVZ,1.3860128,0.18209,0.30729,236000000.0,-0.174,0.21619,2307900000,3290412544.0,0.02772,9.011,0.07211,6368900096.0,1.7,454784992.0,23.952,19.41,1.99,11.417646,9.753769,8827376640
J,1.0465286,0.04316,0.22303,474708992.0,0.082,0.06847,3328324000,565071872.0,0.0436,61.828,0.107030004,14922824704.0,8.43,126332000.0,47.57,123.62,3.57,14.664294,34.627453,15617162240
JBHT,1.2895032,0.068909995,0.17108,1609454976.0,0.221,0.09359,2022753000,-11376625.0,0.123,44.085,0.31436002,14661348352.0,9.6,103537000.0,33.854,182.6,9.56,19.020834,19.100418,18905856000
JCI,1.8145446,0.060560003,0.32977,1986000000.0,0.052,0.09328,8343000000,1563124992.0,0.035099998,58.769,0.09531,25298999296.0,4.02,686704000.0,23.621,66.85,2.19,16.629353,30.525112,45906161664
JKHY,7.038187,0.18515,0.42025003,534912992.0,0.084,0.24281,814270000,346439872.0,0.12392,20.256,0.25718,1984029952.0,5.55,72949400.0,20.04,191.42,5.02,34.49009,38.131474,13963973632
JNJ,4.824923,0.19947,0.67516,21575999488.0,0.019,0.26003,64020000000,17918375936.0,0.0881,42.932,0.26447,96041000960.0,10.37,2614479872.0,28.507,177.24,7.18,17.091612,24.685238,463000000000
JNPR,2.0170183,0.082200006,0.5593,94000000.0,0.19,0.097200006,2740100000,116125000.0,0.03537,41.763,0.09711,5152300032.0,2.27,324556000.0,13.369,32.02,1.28,14.105727,25.015625,10392283136
JPM,3.3261662,0.30739,0.0,90992001024.0,0.0,0.38116002,131000000000,,0.00984,,0.12825,121000000000.0,12.82,2933199872.0,86.997,136.74,11.85,10.666147,11.539241,401000000000
K,1.6672431,0.10005,0.30184,1736000000.0,0.089,0.1322,4597000000,951249984.0,0.065799996,155.973,0.34206,14901999616.0,4.15,341280992.0,12.55,72.8,4.35,17.54217,16.735634,24845256704
KDP,3.970067,0.13382,0.52129,3039000064.0,0.114,0.20176001,7003000000,2230000128.0,0.03381,53.309,0.07373,13644999680.0,1.84,1416249984.0,17.724,38.25,1.28,20.788044,29.882812,54171561984
KEY,2.5165725,0.30503,0.0,2873999872.0,-0.078,0.38129002,7683000000,,0.01137,,0.13922,7055000064.0,2.31,932969984.0,11.566,19.03,2.19,8.238095,8.689498,17754419200
KEYS,5.816728,0.20738001,0.63653,1144000000.0,0.115,0.24613,3450000000,638374976.0,0.10501,48.498,0.28294,5420000256.0,8.6,178500000.0,23.311,176.62,6.26,20.537209,28.214056,31526668288
KHC,1.8459605,0.04711,0.31108,4432999936.0,0.029,0.19149,8695000000,3306874880.0,0.03342,41.859,0.02487,25813000192.0,2.76,1224930048.0,39.24,38.9,0.98,14.094204,39.69388,47649779712
KIM,8.205197,0.15033,0.69525003,907361024.0,0.176,0.32955003,946674000,720003520.0,0.01932,74.342,0.024330001,1712504064.0,0.7,618460992.0,15.689,22.72,0.29,32.45714,78.344826,14051433472
KLAC,5.466211,0.33285,0.61227,3460450048.0,0.307,0.40026,5619442000,2004395904.0,0.20311001,305.567,1.10034,9852469248.0,18.72,141718000.0,14.833,380.02,22.16,20.300215,17.148916,53855674368
KMB,2.2587006,0.08842,0.30155,2804000000.0,0.009,0.12703,6142000000,1766125056.0,0.08996,1517.496,2.80155,20175998976.0,6.33,337492000.0,1.295,135.03,5.26,21.331753,25.6711,45571543040
KMI,2.198645,0.13205,0.37514,4831000064.0,0.354,0.20492001,7749000000,1275750016.0,0.03494,100.087,0.08108,19046000640.0,1.13,2247739904.0,13.671,18.63,1.11,16.486725,16.783783,41875394560
KMX,0.30108252,0.023039998,0.11151,-684540032.0,0.023,0.0326,4089049000,145606496.0,0.02804,359.316,0.15634,35037179904.0,4.48,158015008.0,34.258,66.76,4.98,14.901786,13.4056225,10549082112
KO,6.402559,0.23438999,0.58494,11461999616.0,0.102,0.289,23298000000,9524750336.0,0.08355,168.567,0.41034,42342998016.0,2.52,4324510208.0,5.274,62.69,2.28,24.876984,27.495613,271000000000
KR,0.24352482,0.01694,0.22275,5494000128.0,0.093,0.0304,31333000000,4414249984.0,0.056350004,211.453,0.25941,144000000000.0,4.17,715806016.0,13.487,49.04,3.27,11.760192,14.9969425,35103129600
L,0.9797789,0.07123,0.33331,3639000064.0,0.027,0.12564999,5537000000,1535500032.0,0.01393,63.393,0.06429,13912000512.0,2.9,237427008.0,58.14,57.41,4.01,19.79655,14.316708,13630684160
LDOS,1.0489199,0.048060004,0.14595,1091000064.0,0.036,0.077800006,2014000000,1059124992.0,0.05231,135.129,0.16591999,14190000128.0,7.02,136690000.0,29.825,108.89,4.96,15.511396,21.953629,14884173824
LEN,0.770449,0.14037,0.28221,1771879040.0,0.287,0.22657,7333336000,735249984.0,0.13282,24.744,0.2049,31930202112.0,11.79,254767008.0,78.915,86.38,15.09,7.3265476,5.7243204,24600592384
LH,1.4015206,0.11508001,0.31394,1999800064.0,-0.112,0.16961001,5624300000,1469187456.0,0.0795,62.838,0.1702,15258699776.0,17.63,88600000.0,112.636,241.37,19.02,13.690868,12.690326,21385381888
LHX,2.5865128,0.06713,0.29476,2198000128.0,0.004,0.14928001,5376000000,2447624960.0,0.04593,42.177,0.059320003,16833999872.0,12.42,190403008.0,95.96,228.68,5.78,18.412237,39.56401,43541356544
LIN,5.043224,0.11387999,0.40912,10001999872.0,0.147,0.18812999,13250000000,5911499776.0,0.05009,39.39,0.09386,33763000320.0,12.07,494380000.0,76.112,344.42,7.55,28.535213,45.618546,170000000000
LKQ,1.1293459,0.091759995,0.40598,1015046976.0,-0.059,0.10837,5321981000,802627968.0,0.07287,69.553,0.21088,12978503680.0,4.15,267175008.0,19.482,54.86,4.2,13.219277,13.061906,14657220608
LLY,11.869304,0.20634001,0.75281996,7661199872.0,0.025,0.30052,21345300000,5856274944.0,0.11484,157.797,0.66592,29239500800.0,9.19,950177984.0,11.187,365.25,6.65,39.74429,54.924812,347000000000
LMT,1.9576387,0.090679996,0.12989001,10142000128.0,0.035,0.115389995,9097000000,5719124992.0,0.089870006,95.938,0.5435,64722001920.0,27.09,262074000.0,45.847,483.46,21.75,17.846437,22.228046,127000000000
LNC,0.34253868,-0.104890004,0.09493,3436999936.0,-0.085,-0.07675,5304000000,-5027999744.0,-0.00262,350.654,-0.17215,19192000512.0,9.11,169215008.0,13.102,38.85,3.23,4.2645445,12.0278635,6574002688
LNT,3.566207,0.17537001,0.41559,675000000.0,0.154,0.22004,1556000000,-328124992.0,0.0292,131.576,0.11407,3963000064.0,2.74,250360992.0,22.764,56.45,2.47,20.60219,22.854252,14132878336
LOW,1.4900664,0.08834,0.33333,9212000256.0,-0.003,0.12927,32056000000,6751875072.0,0.16034001,,,95391997952.0,11.14,673747008.0,1.966,210.97,7.75,18.93806,27.221935,142000000000
LRCX,3.5460482,0.26957,0.45741,3831738112.0,0.179,0.31714,7871807000,2443932160.0,0.20808001,67.5,0.73324996,17996695552.0,32.42,140799008.0,37.667,453.25,23.652,13.980568,19.163284,63817150464
LUMN,0.31434745,0.10488,0.56471,6108000256.0,-0.063,0.20907,11199000000,-4661125120.0,0.042630002,233.415,0.16677,19022000128.0,1.58,1023889984.0,10.846,5.84,-0.709,3.6962025,,5979517440
LUV,1.097537,0.04709,0.24154,2648999936.0,0.679,0.059809998,2172000000,-811249984.0,0.020669999,107.923,0.09573,21152000000.0,3.1,591920000.0,15.378,39.22,-4.906,12.651613,,23215104000
LVS,8.243301,0.46938,0.70507,-490000000.0,0.173,-0.1867,2828000000,2215000064.0,-0.02257,404.47,-0.51111,4000999936.0,2.43,763990016.0,3.499,43.17,-2.575,17.76543,,32981446656
LW,2.9676576,0.09503999,0.22498,448400000.0,0.144,0.12841,832000000,106787504.0,0.07927,542.0,0.85983,4240300032.0,3.09,146068000.0,3.088,86.15,1.71,27.88026,50.380116,12583758848
LYB,0.5324711,0.080170006,0.14413,7593999872.0,-0.035,0.11567,8776000000,3913625088.0,0.102110006,106.194,0.3516,53075001344.0,9.56,325624000.0,37.439,86.79,12.95,9.078451,6.7019305,28260907008
LYV,1.3214529,-0.00089,0.28542,2158017024.0,6.699,0.03034,1912458000,2128668288.0,0.0154,1258.357,0.76565003,11638874112.0,0.44,224660000.0,-2.18,68.46,-8.119,155.59091,,15380222976
MA,,0.0,0.0,,,0.0,18884000000,,,,,,10.44,974708992.0,6.378,351.29,6.518,33.648468,53.895367,345000000000
MAA,,0.0,0.0,,,0.0,1051185000,,,,,,2.54,115138000.0,50.736,161.46,2.286,63.566933,70.62992,18590181376
MAR,11.661878,0.38401002,0.79357004,2099000064.0,0.748,0.58493,2653000000,2372375040.0,0.06756,555.079,1.35748,4538999808.0,4.61,325683008.0,1.326,162.53,-0.82,35.255962,,52933259264
MAS,1.4160328,0.09807,0.31826,855000000.0,0.0,0.10844,2863000000,247124992.0,0.108059995,,,8778999808.0,3.96,244087008.0,-0.067,50.93,2.991,12.861111,17.02775,12431351808
MCD,8.65742,0.25415,0.56132,7851800064.0,-0.053,0.437,12580200000,4133400064.0,0.12554,,,23265200128.0,10.46,732424000.0,-8.965,275.0,7.93,26.29063,34.678436,201000000000
MCHP,5.819335,0.21343,0.65860003,3053199872.0,0.251,0.30273,4449600000,2197349888.0,0.08404,127.078,0.26786,7215099904.0,7.5,554870976.0,19.673,75.67,1.258,10.089334,60.15103,41987084288
MCK,0.21802938,0.0052,0.04871,5114999808.0,0.071,0.01047,13084000000,3273125120.0,0.02807,,,268000000000.0,18.85,152682000.0,-2.997,383.34,-25.423,20.336338,,58529116160
MCO,9.787633,0.272,0.70474,1396000000.0,-0.164,0.37065,4581000000,1137874944.0,0.09342,337.695,0.61596,5717000192.0,12.05,185900000.0,10.844,301.0,10.716,24.979252,28.08884,55955898368
MDLZ,3.1136808,0.12929,0.37904,4316000256.0,0.095,0.16474001,11254000000,3020375040.0,0.04644,71.502,0.14050001,29877999616.0,3.12,1394969984.0,19.275,66.69,2.64,21.375002,25.261364,93030555648
MDT,3.4162652,0.14026,0.67560995,6289999872.0,-0.033,0.22759001,21657000000,4518624768.0,0.04737,51.13,0.08331,30805999616.0,5.49,1330150016.0,39.003,79.12,3.22,14.411658,24.571428,105000000000
MET,0.9476072,0.05256,0.24476999,15237999616.0,-0.16,0.07282,20712000000,3116875008.0,0.00433,275.133,0.06765,68306001920.0,7.0,841160000.0,83.5,76.95,5.68,10.992857,13.547535,64727261184
META,2.5010302,0.2441,0.80334,54067998720.0,-0.045,0.30091998,95280000000,19749376000.0,0.12749,21.339,0.22398001,118000000000.0,7.81,2248669952.0,46.564,111.41,10.4,14.265045,10.712501,295000000000
MGM,1.4237463,0.27593002,0.4968,1937720064.0,0.484,0.08111,4649531000,787092352.0,0.014,459.555,0.32786998,11768908800.0,0.17,468960000.0,12.822,35.73,-4.362,210.17647,,16755940352
MHK,0.593392,0.08392,0.27722,913784000.0,0.067,0.11178,3288830000,56473124.0,0.05567,34.492,0.113479994,11746605056.0,14.52,67732400.0,121.83,102.91,49.89534,7.087466,2.0625174,6970341376
MKC,3.566324,0.10864,0.36925,705500032.0,0.03,0.14994,2505600000,361824992.0,0.04634,117.06,0.15399,6385099776.0,2.95,250600992.0,17.111,84.91,2.56,28.783052,33.167973,22771335168
MKTX,13.844518,0.34472,0.92901003,,0.062,0.45617,656477000,,0.12683,8.175,0.2345,705457984.0,9.18,38026500.0,26.016,256.84,8.0,27.978212,32.105,9766725632
MLM,4.1398354,0.1443,0.24767,982700032.0,0.176,0.18425,1349000000,460087488.0,0.049510002,80.551,0.122250006,5539100160.0,13.03,62381900.0,94.554,367.59,11.54,28.211052,31.853552,22930962432
MMC,4.1637177,0.16256,0.44084,3404999936.0,0.041,0.24051,8710000000,3664999936.0,0.09636,135.676,0.34787998,20835000320.0,6.1,504895008.0,18.543,171.82,4.375,28.167215,39.273144,86751059968
MMM,2.051837,0.18913999,0.44353,5673999872.0,-0.036,0.14645,16579000000,2674249984.0,0.06737,117.484,0.45931998,34761998336.0,10.46,552742976.0,25.473,129.04,11.46,12.336519,11.260035,71325949952
MNST,9.1018715,0.20402999,0.51805997,699817984.0,0.132,0.27209,3108513000,376260384.0,0.13405,0.557,0.19285999,6009434112.0,3.04,529139008.0,9.773,103.37,2.64,34.003292,39.155304,54697099264
MO,3.9652116,0.08453,0.67289,8287000064.0,-0.035,0.5833,13940000000,7589875200.0,0.18627001,,3.91081,20726999040.0,4.85,1836989952.0,1.573,44.74,2.331,9.224743,19.19348,82186936320
MOH,0.63034916,0.02769,0.12401,1582000000.0,0.127,0.04349,3280000000,849124992.0,0.06915,78.658,0.30185,30303000576.0,19.65,58400000.0,52.431,327.08,14.3,16.645292,22.872726,19101470720
MOS,1.1583283,0.19659,0.32208002,2944399872.0,0.918,0.28170002,3233900000,1021687488.0,0.12824,34.713,0.29141,16554999808.0,2.38,370409984.0,25.348,51.77,2.691,21.7521,19.238201,19176124416
MPC,0.33769396,0.06888,0.13510999,15653000192.0,0.416,0.09666,10443000000,11242500096.0,0.11729,82.594,0.38756,174000000000.0,15.79,468660992.0,56.085,125.2,22.27,7.929069,5.6219125,58676355072
MPWR,11.356991,0.22398001,0.5805,358663008.0,0.572,0.26655,685459000,185196624.0,0.15809,0.354,0.26743,1498744064.0,6.87,46093000.0,21.353,369.28,3.5,53.75255,105.50857,17021222912
MRK,4.621621,0.25876,0.70852,19696001024.0,0.137,0.34507,35463000000,11496750080.0,0.12682,68.318,0.38145,58973999104.0,7.55,2535399936.0,17.549,107.5,6.03,14.23841,17.827528,273000000000
MRNA,3.1103015,0.61122,0.71711,9653000192.0,0.091,0.68023,13863000000,5095124992.0,0.46337003,4.932,1.13856,22994999296.0,16.58,405449984.0,6.423,176.4,-1.959,10.639324,,71521378304
MRO,3.3195724,0.43550998,0.80533,4706999808.0,0.731,0.39846,4355000000,2355000064.0,0.09834,35.822,0.27998,7125000192.0,0.36,778537024.0,13.379,30.38,-1.832,84.388885,,23651954688
MS,2.9422977,0.22525999,0.87714994,,-0.12,0.35963002,53295000000,,,344.073,,55443001344.0,6.93,1794409984.0,52.709,90.91,7.645,13.118327,11.891433,163000000000
MSCI,18.431644,0.38226002,0.82096,1059606016.0,0.084,0.53595,1684860000,719097600.0,0.15007,,,2222232064.0,12.63,79958200.0,-13.447,512.26,0.94,40.558987,544.95746,40959389696
MSFT,9.371817,0.36686,0.68402,89034997760.0,0.124,0.42055,136000000000,49479000064.0,0.14919,47.075,0.47151002,198000000000.0,8.35,7507979776.0,17.853,247.49,7.338,29.63952,33.727177,1860000000000
MSI,5.144103,0.13467,0.46750998,1252999936.0,0.126,0.19966,4048000000,885500032.0,0.09448,,,8725000192.0,11.19,167203008.0,-2.436,268.43,6.8,23.988382,39.475,44882300928
MTB,4.38896,0.24878,0.0,4317048832.0,0.366,0.38994,6066772000,,0.00963,,0.07873,6770078208.0,19.32,172612992.0,134.458,172.14,10.51,8.909938,16.378687,29713600512
MTCH,4.1146092,0.033889998,0.70199996,546025024.0,0.01,0.26962999,2146329000,814671744.0,0.122779995,,,3208760064.0,2.1,279305984.0,-2.504,47.27,0.34,22.509525,139.02942,13202794496
MTD,8.620691,0.2123,0.58318,814406016.0,0.058,0.27617002,2171553000,589771776.0,0.20594,26549.602,8.260571,3865367040.0,32.96,22985700.0,12.043,1449.69,24.91,43.98331,58.19711,33322137600
MU,2.127223,0.28243,0.45185003,15180999680.0,-0.197,0.31566,13898000000,1486000000.0,0.096990004,15.18,0.18514,30758000640.0,10.7,1120169984.0,36.274,58.41,2.812,5.4588785,20.771692,65429127168
NCLH,1.8162153,-0.88144994,0.012259999,-342238016.0,9.553,-0.51364,-960051000,-907125248.0,-0.06495,3662.926,-2.04698,3812068096.0,1.1,421396000.0,0.949,16.43,-10.629,14.936363,,6923536384
NDAQ,5.398372,0.18704,0.58272,1596000000.0,0.147,0.27541,3420000000,1225124992.0,0.050890002,99.966,0.18662001,6111000064.0,2.8,491280000.0,11.96,67.15,2.28,23.982143,29.451756,32989452288
NDSN,5.4807014,0.19247,0.55648,510161984.0,0.024,0.25386,1324080000,385796736.0,0.10611,42.15,0.22632,2505944064.0,7.41,58176600.0,31.973,236.08,4.701,31.85965,50.2191,13734331392
NEE,9.574533,0.14752,0.45634,8851000320.0,0.32,0.124189995,8589000000,-10639250432.0,0.00947,142.54,0.03738,17489000448.0,2.72,1962140032.0,19.056,85.34,2.11,31.374998,40.4455,167000000000
NEM,2.9566872,0.064050004,0.36608002,4180000000.0,-0.002,0.12745,4986000000,1846125056.0,0.02451,28.58,-0.00823,12366000128.0,3.92,797435008.0,28.873,45.85,3.187,11.696428,14.38657,36562395136
NFLX,4.0374846,0.16027,0.39619,1179124992.0,0.059,0.18158,12365161000,16866191360.0,0.0791,80.047,0.28145,31472814080.0,10.49,445020000.0,46.129,285.54,11.13,27.220211,25.654987,127000000000
NI,1.9756511,0.13326,0.39720002,1422099968.0,0.2,0.20288,2066900000,-415824992.0,0.029189998,134.237,0.10208999,5424500224.0,1.4,392704992.0,12.437,27.29,-0.19,19.492859,,10716919808
NKE,3.5571404,0.119619995,0.45384,4433999872.0,0.036,0.13247,21479000000,2268375040.0,0.09882,79.579,0.37394002,47148998656.0,3.94,1277810048.0,7.551,105.96,2.139,26.8934,49.537167,168000000000
NOC,2.3074124,0.15695,0.20452999,2092000000.0,0.029,0.20703,7268000000,3252250112.0,0.10709,104.483,0.43580002,35207999488.0,22.61,153912000.0,90.484,527.83,35.05,23.34498,15.059344,81239375872
NOW,11.888484,0.02905,0.77858,2404999936.0,0.211,0.03396,4543000000,2212000000.0,0.01427,46.982,0.049889997,6919000064.0,9.11,202000000.0,22.351,407.21,0.98,44.699234,415.5204,82256420864
NRG,0.31603402,0.06146,0.16688,396000000.0,0.288,0.099209994,6507000000,768625024.0,0.0633,162.086,0.41029,30734000128.0,4.49,230384000.0,22.1,42.16,7.99,9.389755,5.276596,9712989184
NSC,4.9677033,0.26213,0.49102002,4366000128.0,0.172,0.39312,5730000000,2245874944.0,0.07796,115.694,0.24079001,12359999488.0,13.23,243344992.0,58.516,252.32,9.032,19.071808,27.93623,61400809472
NTAP,2.5721138,0.14709,0.66135,1250000000.0,0.092,0.18707001,4220000000,759750016.0,0.08068,451.294,1.37836,6451999744.0,4.51,222278000.0,2.146,74.66,2.639,16.554323,28.291021,16595276800
NTRS,2.834212,0.22950001,0.0,282300000.0,0.065,0.30165002,6546000000,,0.009649999,,0.1384,6913699840.0,7.34,207660992.0,50.797,94.36,5.609,12.855586,16.822962,19594891264
NUE,0.88693404,0.19934,0.32327998,10148933632.0,0.018,0.27466,11046917000,6253610496.0,0.25982,36.316,0.55491,43152924672.0,12.66,256544000.0,69.027,149.19,31.67,11.784361,4.7107673,38273798144
NVDA,14.193391,0.20853001,0.57838,6425999872.0,-0.165,0.25523,17475000000,5152999936.0,0.112349994,55.759,0.26389,28565999616.0,4.34,2492000000.0,8.65,162.7,3.729,37.488476,43.630997,405000000000
NVR,1.4274317,0.15939,0.26496,1313006976.0,0.163,0.21341999,2116741000,1143525120.0,0.24038,33.08,0.52619,10072314880.0,325.73,3195890.0,960.418,4498.76,447.15,13.811315,10.060964,14377541632
NWL,0.5401455,0.06886,0.31111,358000000.0,-0.065,0.1031,3318000000,154750000.0,0.046609998,148.923,0.18195,10513999872.0,1.9,425400000.0,9.017,13.35,1.406,7.026316,9.495022,5679090176
NWS,1.0219197,0.04507,0.50729,1255000064.0,-0.01,0.08908,5309000000,749875008.0,0.03517,46.047,0.06254,10360999936.0,,193276000.0,13.603,18.58,0.79,,23.518986,10588109824
NWSA,1.0219193,0.04507,0.50729,1255000064.0,-0.01,0.08908,5309000000,749875008.0,0.03517,46.047,0.06254,10360999936.0,0.9,382351008.0,13.603,18.3,0.79,20.333334,23.164555,10588105728
NXPI,3.7191424,0.19825001,0.56251997,3384000000.0,0.276,0.26871002,6067000000,2443375104.0,0.096090004,154.442,0.33367002,12348000256.0,10.65,265932992.0,30.111,172.69,1.502,16.215025,114.97337,45923971072
O,13.15942,0.20143,0.9362,1997616000.0,0.735,0.41024,1947964000,1438961024.0,0.021359999,62.339,0.02945,2788105984.0,1.52,565764992.0,30.882,64.85,0.968,42.664474,66.9938,36689858560
ODFL,5.256802,0.21558,0.39301,1670225024.0,0.145,0.28855,2000794000,792523904.0,0.23647,2.809,0.38178003,6178776064.0,11.65,110482000.0,32.069,293.99,11.67,25.235193,25.191944,32480602112
OGN,1.0151113,0.16068001,0.63573,638000000.0,-0.039,0.27653998,3929000000,150875008.0,0.0999,,,6291999744.0,4.84,254364000.0,-4.191,25.11,3.96,5.1880164,6.340909,6387080192
OKE,1.3633612,0.073699996,0.20497,2717872896.0,0.769,0.12368,4283654000,917960768.0,0.068969995,226.955,0.26228002,21397995520.0,3.37,445936992.0,13.685,65.42,2.587,19.412462,25.28798,29173196800
OMC,1.1784267,0.09126,0.1936,1456199936.0,0.002,0.14998001,2703900000,325387488.0,0.053839996,175.08,0.36426,14276700160.0,6.41,212559008.0,14.93,79.15,4.51,12.347895,17.549889,16824045568
ON,4.1510086,0.22599001,0.46617,1974899968.0,0.249,0.29477,2714300000,748350016.0,0.14482,64.577,0.37428,7618200064.0,2.25,430833984.0,8.644,73.4,0.786,32.622223,93.384224,31623215104
ORCL,5.0025954,0.13153,0.77781,10542000128.0,0.176,0.34320998,33563000000,9601750016.0,0.07481,,,44157001728.0,4.8,2670449920.0,3.074,82.72,4.179,17.233334,19.79421,221000000000
ORLY,4.1029,0.15388,0.51664,2995002880.0,0.092,0.21063,7019949000,1891880192.0,0.15403,,,14056859648.0,27.2,67378400.0,-0.1,855.97,26.645,31.469482,32.124973,57673887744
OTIS,2.3714836,0.08828,0.29011,1488999936.0,-0.058,0.15059,4193000000,1074125056.0,0.12771,,,14090999808.0,3.3,424768992.0,-9.073,78.67,2.799,23.839394,28.106466,33416574976
OXY,1.7583811,0.35548002,0.67561996,15927000064.0,0.383,0.37178,16297000000,11403374592.0,0.11415,75.442,0.54368997,36328001536.0,7.68,908913984.0,20.877,70.28,12.05,9.151042,5.832365,63878471680
PARA,0.43430167,0.10462,0.34004003,-373000000.0,0.046,0.09246001,10842000000,15761250304.0,0.030650001,74.472,0.13494,30023000064.0,1.37,608470016.0,34.895,19.91,4.39,14.532846,4.5353074,13039039488
PAYC,15.223893,0.19396,0.87583,326372000.0,0.304,0.26479,925049000,249112992.0,0.05667,2.694,0.26305,1289596032.0,7.37,60020400.0,19.323,327.1,4.4,44.382633,74.34091,19632672768
PAYX,9.3873005,0.30378,0.70543,1484199936.0,0.114,0.39973,3255400000,1562324992.0,0.12793,28.02,0.46543,4735000064.0,3.21,360756992.0,8.261,123.21,2.92,38.38318,42.195206,44448870400
PCAR,1.3319551,0.09481,0.14892,2814700032.0,0.372,0.11856,3162000000,14721599488.0,0.06931,91.195,0.2143,27376300032.0,7.03,347176992.0,30.887,105.03,4.061,14.940255,25.863089,36464001024
PCG,,0.0,0.0,,,0.0,6061000000,,,,,,1.36,1985369984.0,10.643,15.37,-0.968,11.301471,,34578505728
PEAK,6.7754173,0.25876,0.58537996,917219008.0,0.081,0.18104,1127375000,979753984.0,0.01503,95.305,0.07363,2019915008.0,0.48,537539968.0,12.031,25.46,0.96,53.041664,26.520832,13685767168
PEG,3.2034042,-0.105909996,0.24358,1043000000.0,0.108,0.16303,3010000000,-1028625024.0,0.01926,157.603,-0.06756,9347999744.0,3.5,505664000.0,31.714,59.22,3.76,16.92,15.75,29945421824
PEP,3.0433705,0.11614,0.5324,11288000512.0,0.088,0.15052,42429000000,7095875072.0,0.08384,205.095,0.5571,83643998208.0,6.57,1382649984.0,10.092,184.11,5.402,28.022831,34.08182,255000000000
PFE,2.72732,0.28939,0.62755,31453999104.0,0.468,0.38050997,50627000000,29055250432.0,0.1319,46.291,0.37397,101000000000.0,3.16,5612870144.0,11.359,49.21,1.707,15.572784,28.828354,276000000000
PFG,1.4181694,0.2469,0.60984004,2923899904.0,0.881,0.31024998,7070900000,223775008.0,0.01126,42.33,0.30925,17283500032.0,6.85,265068992.0,56.534,92.47,5.88,13.49927,15.726191,24510930944
PG,4.32113,0.18107,0.47234002,16149999616.0,0.013,0.23122999,38212000000,10122000384.0,0.09856,74.442,0.32244998,80460996608.0,6.24,2369700096.0,18.247,146.72,5.77,23.512821,25.428076,348000000000
PGR,1.5834328,0.01764,0.037890002,6371299840.0,0.078,0.03204,4681400000,1786537472.0,0.01314,43.228,0.05144,48608600064.0,6.3,585000000.0,24.411,131.57,1.42,20.884127,92.65494,76968452096
PH,2.406142,0.076680005,0.28564,2474728960.0,0.125,0.18422002,4483341000,1490105344.0,0.07493,159.162,0.145,16331574272.0,20.74,128406000.0,68.241,306.03,9.62,14.755545,31.811852,39296086016
PHM,0.65791595,0.15557,0.29402,151871008.0,0.134,0.20462999,3783112000,-345868640.0,0.14722,34.441,0.31339002,15416174592.0,7.26,227820000.0,35.771,44.52,9.8,6.132231,4.542857,10142546944
PKG,1.4403138,0.121120006,0.2524,1465600000.0,0.063,0.18257,1880000000,436600000.0,0.11485,70.007,0.27302,8542799872.0,9.72,92534496.0,43.147,132.97,10.98,13.680041,12.110201,12304312320
PKI,3.5752134,0.13057,0.55479,876243968.0,-0.174,0.23493,2890369000,-7330625.0,0.04946,64.325,0.09314,4837878784.0,6.07,126316000.0,55.975,136.93,5.13,22.558483,26.692005,17296449536
PLD,14.550799,0.68083,0.76459,,0.44,0.43445998,3915208000,,0.02723,45.799,0.11095,5913782784.0,2.11,739326976.0,43.183,116.39,1.815,55.16114,64.12672,86050267136
PM,4.8025208,0.27571,0.65949,11742000128.0,-0.011,0.39433998,21375000000,8442874880.0,0.18993,,,31714000896.0,5.58,1550200064.0,-5.894,98.25,5.62,17.607527,17.482206,152000000000
PNC,3.4160523,0.27991,0.0,,-0.017,0.34977,19990000000,,0.01055,,0.113979995,20742000640.0,13.59,422640992.0,126.704,167.65,19.138,12.336276,8.760058,70855761920
PNR,1.8608468,0.13015,0.33446,343600000.0,0.089,0.16336,1319200000,155175008.0,0.07638,93.854,0.21518,4107500032.0,3.24,165478000.0,13.2,46.19,2.476,14.256172,18.655088,7643428352
PNW,2.1836982,0.13881999,0.42818,1135949952.0,0.061,0.21826,1697217000,-508349632.0,0.02475,143.122,0.09545,3952311040.0,5.12,112819000.0,49.992,76.5,4.87,14.941406,15.708419,8630653952
POOL,2.1541023,0.12815,0.31702998,261895008.0,0.144,0.17059,1617092000,57446376.0,0.21856001,148.841,0.72075,6119364096.0,13.12,40088000.0,16.413,328.82,10.644,25.0625,30.892523,13181736960
PPG,1.7751148,0.06082,0.36999,832000000.0,0.022,0.09011,6557000000,467375008.0,0.04652,123.714,0.17333001,17656999936.0,7.01,235027008.0,25.674,133.36,4.45,19.02425,29.96854,31343202304
PPL,3.03263,0.098629996,0.41637,1803000064.0,0.411,0.21938999,2750000000,-506249984.0,0.0272,99.525,0.04975,7096999936.0,1.61,736318016.0,18.852,29.23,0.95,18.15528,30.768421,21522575360
PRU,0.645939,0.00534,0.20267999,9112999936.0,-0.054,-0.00568,23960000000,-14655125504.0,-0.00027,203.556,0.00843,61397999616.0,11.7,368000000.0,44.708,107.77,0.78,9.211111,138.16667,39659360256
PSA,12.855775,1.11379,0.7482,3109625088.0,0.198,0.51096,2578319000,2072615040.0,0.07982,66.6,0.47743,4090977024.0,11.61,175638000.0,32.379,298.61,24.61,25.720068,12.133684,52592680960
PSX,0.3225714,0.06415,0.11237001,7863000064.0,0.486,0.05307,9374000000,2690374912.0,0.08051,56.858,0.39883998,162000000000.0,14.19,472632000.0,59.736,110.78,22.2,7.806906,4.99009,52358172672
PTC,7.572637,0.16194001,0.80036,435326016.0,0.057,0.2579,1547367000,517516384.0,0.06779,67.081,0.14446001,1933346944.0,5.33,117472000.0,19.545,124.63,2.64,23.382738,47.208332,14640534528
PWR,1.2800121,0.02614,0.14834,797136000.0,0.33,0.04255,1953259000,535840512.0,0.03679,80.007,0.09024,16580823040.0,6.98,142900992.0,36.345,148.52,2.97,21.277937,50.006737,21223655424
PXD,2.4361904,0.28754,0.54761004,10983999488.0,0.221,0.40752998,9392000000,3635249920.0,0.17227,24.35,0.30892,24785999872.0,27.72,237599008.0,96.532,254.14,28.12,9.16811,9.037695,60383412224
PYPL,3.56544,0.07791,0.43469003,5984000000.0,0.091,0.13998,11921000000,2347624960.0,0.030450001,57.576,0.1011,26389000192.0,5.75,1174930048.0,17.081,80.08,3.54,13.926957,22.62147,94088396800
QCOM,3.2809854,0.30519,0.57989,8727000064.0,0.357,0.35823002,19304000000,5584124928.0,0.21996,96.866,1.0618,42140999680.0,8.57,1120000000.0,6.576,123.45,6.983,14.404901,17.678648,138000000000
QRVO,2.3135946,0.17865999,0.46357,980678976.0,-0.068,0.24163,2289768000,588166400.0,0.09454001,47.619,0.1825,4570720768.0,10.38,110223000.0,39.751,95.94,4.157,9.242775,23.079144,10574794752
RCL,3.247259,-0.95462996,-0.010299999,-658467968.0,41.901,-0.65827006,-1083258000,-2547301888.0,-0.05697,701.746,-0.79245,4682677760.0,2.16,254790000.0,36.036,59.68,-24.619,27.62963,,15205867520
RE,1.0967302,0.044320002,0.06355,3722341888.0,0.049,0.057979997,1647910000,287033760.0,0.01164,40.319,0.060370002,12004576256.0,30.04,39369000.0,241.577,334.42,21.018,11.13249,15.911124,13165782016
REG,8.919572,0.3815,0.74003,661857984.0,0.133,0.43427,877185000,543811008.0,0.03205,63.682,0.080129996,1272066048.0,1.14,171212992.0,35.368,66.27,0.26,58.131577,254.88461,11346284544
REGN,5.5652986,0.39972,0.6326,8452199936.0,-0.444,0.49768,10726100000,6238974976.0,0.18177,13.055,0.31756002,14226799616.0,40.57,105720000.0,106.05,736.23,30.52,18.147152,24.12287,79176384512
RF,3.314318,0.30374,0.0,,-0.02,0.38887,6960000000,,0.01273,,0.118240006,6577999872.0,1.97,953283008.0,16.864,22.87,1.521,11.609138,15.03616,21801582592
RHI,1.189747,0.09315,0.42839,,0.071,0.13743,2696028000,,,17.074,,7281033216.0,4.54,111330000.0,10.797,77.81,2.888,17.138765,26.94252,8662587392
RJF,2.3806176,0.13971,0.93908,72000000.0,-0.009,0.17775999,10143000000,,0.02113,50.965,0.17017001,10801000448.0,10.73,215064000.0,43.408,119.56,6.98,11.142591,17.128939,25713051648
RL,1.2725576,0.088240005,0.66328,513600000.0,0.083,0.123330005,4147500000,368612512.0,0.06546,118.887,0.21992001,6332800000.0,6.7,48735800.0,36.826,109.47,-4.029,16.338806,,8058852864
RMD,9.292447,0.21695,0.57769,461465984.0,0.051,0.2798,2063961000,240151248.0,0.12796,27.109,0.24348,3624406016.0,7.32,146484000.0,23.439,229.92,5.34,31.409836,43.05618,33679601664
ROK,4.128946,0.090270005,0.39439,627800000.0,0.065,0.15446,2897700000,415837504.0,0.07417,165.043,0.2499,7441900032.0,9.84,116013000.0,15.655,264.86,13.568,26.916664,19.520931,30727200768
ROL,7.468202,0.13121,0.51493,445431008.0,0.122,0.17447,1261683000,376929760.0,0.14304,33.35,0.30085,2634776064.0,0.68,492048992.0,2.01,39.99,0.63,58.808826,63.476192,19677040640
ROP,7.4951634,0.47285998,0.67421997,1242400000.0,-0.077,0.2786,3917400000,1664412544.0,0.044439998,48.056,0.085930005,6141499904.0,16.11,105485000.0,102.53,436.38,9.431,27.087523,46.27081,46031544320
ROST,2.1747892,0.07739,0.30212,707862976.0,-0.002,0.103920005,6088636000,-157453376.0,0.08896,137.654,0.35222,18502246400.0,5.01,347063008.0,12.121,115.94,4.13,23.141716,28.07264,40238485504
RSG,3.3441484,0.11241,0.40166,3032300032.0,0.226,0.18604,4648000000,1163937536.0,0.056939997,126.965,0.15827,12934299648.0,5.03,316000992.0,30.031,136.88,4.58,27.212723,29.886465,43254218752
RTX,2.209635,0.06756,0.20542,5656999936.0,0.046,0.10666,12525000000,6032500224.0,0.02777,48.749,0.06398,66025000960.0,4.99,1496780032.0,47.605,97.47,2.2,19.533068,44.304546,146000000000
SBAC,12.592434,0.1601,0.73837996,1295632000.0,0.146,0.36464,1735729000,821598720.0,0.059070002,,,2542498048.0,4.48,107966000.0,-49.691,296.54,3.7,66.19196,80.14595,32016238592
SBNY,3.475889,0.51525,0.0,1285384960.0,0.355,0.69208,1951374000,,0.011770001,,0.17023,2538961920.0,21.43,62928900.0,123.434,140.24,20.46,6.5440974,6.8543506,8825149440
SBUX,3.543377,0.10175,0.26001,4397300224.0,0.033,0.1378,8385400000,1806887552.0,0.09356,,,32250300416.0,4.0,1147800064.0,-7.585,99.56,2.83,24.89,35.180214,114000000000
SCHW,7.7250223,0.34021,0.97126,,0.204,0.46027002,17933000000,,0.011469999,57.568,0.1439,19972999168.0,3.42,1811309952.0,29.543,81.61,2.318,23.862574,35.207073,154000000000
SEDG,6.4425225,0.057779998,0.28224,65787000.0,0.516,0.08051,629318000,-273448128.0,0.03909,35.897,0.08873,2461172992.0,6.32,52519500.0,21.166,301.91,2.396,47.77057,126.00585,15856162816
SEE,1.3422862,0.09555,0.31078,723100032.0,0.067,0.1672,1680900000,419100000.0,0.099630006,1868.553,3.68518,5773799936.0,3.71,148156992.0,1.114,52.31,3.221,14.0997305,16.2403,7750092288
SHW,2.9824665,0.089379996,0.41377997,1472800000.0,0.175,0.12713,8542700000,886200000.0,0.08015,479.067,0.73289,21680500736.0,10.23,259143008.0,10.081,249.52,7.39,24.391008,33.76455,64661364736
SIVB,2.2415607,0.30045,0.0,,-0.012,0.42056,5764000000,,0.00848,,0.11234,5827999744.0,25.78,58687400.0,163.246,222.6,30.383,8.634601,7.3264656,13063815168
SJM,1.9745642,0.07011,0.32037,999400000.0,0.076,0.13125,2721200000,383237504.0,0.04129,57.365,0.0694,8168999936.0,9.64,106639000.0,77.066,151.26,5.33,15.69087,28.378986,16130214912
SLB,2.6967125,0.11264,0.17698,4038000128.0,0.279,0.13969,3658000000,938875008.0,0.054229997,76.243,0.19379999,26438000640.0,1.59,1402630016.0,8.97,50.83,-2.043,31.968554,,71295688704
SNA,2.7114275,0.18702,0.5055,687299968.0,0.058,0.2557,2382800000,550524992.0,0.1142,29.029,0.21846001,4793500160.0,14.05,53535000.0,71.717,242.78,12.455,17.279715,19.492573,12997227520
SNPS,10.311724,0.20861,0.80700994,1715954048.0,0.18,0.23542,3390877000,1503822080.0,0.08176,11.838,0.19025,4949668864.0,7.17,153438000.0,32.043,332.64,4.625,46.393307,71.922165,51039617024
SO,2.742226,0.11694,0.40473,6844000256.0,0.386,0.18872,10061000000,-802124992.0,0.02377,170.429,0.08722,25859000320.0,3.56,1059800000.0,26.905,66.91,3.18,18.794945,21.040882,70911221760
SPG,7.633103,0.40603,0.80767995,3652464128.0,0.02,0.47127,4143625000,1564513792.0,0.04508,619.683,0.57993,5196355072.0,4.57,328611008.0,9.124,120.7,3.59,26.411377,33.62117,39664312320
SPGI,9.024515,0.38481,0.69658995,2583000064.0,0.421,0.439,6102000000,3836000000.0,0.06748,26.984,0.16712,9557999616.0,13.89,241000000.0,4.284,357.91,10.158,25.767458,35.2343,86256312320
SRE,3.6697712,0.082320005,0.34955,3951000064.0,0.294,0.20943001,4705000000,-717625024.0,0.025829999,90.586,0.05096,14224000000.0,8.53,319336992.0,70.115,163.46,12.88,19.162956,12.690994,52198825984
STE,3.7737703,-0.0017,0.43486,751614976.0,0.003,0.12888,2016362000,489910112.0,0.0346,55.085,-0.00151,4776665088.0,9.24,99823000.0,58.097,180.58,3.82,19.543291,47.27225,18026037248
STT,2.339564,0.22735001,0.0,,-0.011,0.2878,12060000000,,0.00874,,0.10339,12042999808.0,8.02,365628992.0,66.169,77.06,6.07,9.608478,12.695222,28175370240
STX,1.1509488,0.10887,0.28305,1406000000.0,-0.347,0.14053,3469000000,562249984.0,0.10792,,9.216,10581000192.0,6.71,222636000.0,2.108,54.7,3.957,8.152012,13.823604,12178189312
STZ,5.113555,0.01107,0.52347,2833799936.0,0.12,0.33560002,4711000000,712574976.0,0.07982,112.762,0.013660001,9441399808.0,11.75,164264000.0,70.316,257.49,10.325,21.914042,24.938498,48279117824
SWK,,0.0,0.0,,,0.0,5233200000,,,,,,12.09,163032992.0,61.313,83.08,9.844,6.8717947,8.439659,13544780800
SWKS,2.8511193,0.24108,0.47303,1586599936.0,0.104,0.28292,2512400000,559049984.0,0.117790006,45.371,0.25235,5389499904.0,10.84,165387008.0,28.542,92.91,7.224,8.5710335,12.861297,15366107136
SYF,1.9464253,0.37919998,0.0,6850999808.0,-0.193,0.50979,9466000000,,0.03375,,0.24135,8576000000.0,5.13,450540992.0,26.755,37.05,6.36,7.222222,5.8254714,16692543488
SYK,4.9072766,0.1369,0.63912,2620999936.0,0.077,0.19339001,11262000000,1633750016.0,0.061869998,80.326,0.16037,17948000256.0,9.9,378430016.0,43.503,232.74,6.43,23.509092,36.195957,88075804672
SYY,0.6457109,0.0198,0.17950001,1791286016.0,0.175,0.03728,12320524000,1053941760.0,0.07353,805.373,0.90532994,68636147712.0,3.22,512656000.0,2.798,86.45,-0.663,26.847824,,44319109120
T,0.8773444,0.129,0.54351,32963999744.0,-0.041,0.21305999,89057000000,23180750848.0,0.04249,114.729,0.119219996,155000000000.0,2.57,7127000064.0,17.177,19.12,2.42,7.439689,7.9008265,136000000000
TAP,1.1425105,0.069180004,0.35911,1491800064.0,-0.006,0.106520005,4053400000,436887488.0,0.025190001,51.069,0.05376,10578199552.0,4.17,200584992.0,58.003,55.58,-3.449,13.328537,,12085704704
TDG,6.7657046,0.15564,0.56541,964000000.0,0.148,0.40689,2549000000,690374976.0,0.06974,,,5198000128.0,16.92,55248900.0,-68.21,636.54,6.57,37.620567,96.88584,35168133120
TDY,3.6194155,0.13367,0.40675,,0.039,0.14219,1843800000,,0.03404,51.135,0.09601,5416099840.0,13.21,46655200.0,90.022,420.17,10.678,31.806965,39.34913,19603116032
TECH,11.90298,0.26128,0.68489,332919008.0,0.046,0.26496,758092000,257502496.0,0.0801,19.503,0.16705999,1117534976.0,9.89,39242400.0,44.636,338.97,7.15,34.274014,47.40839,13301996544
TEL,2.6534178,0.15972,0.32872,2297999872.0,0.066,0.1859,4887000000,1224000000.0,0.08625,39.879,0.24281,15740000256.0,6.75,326312992.0,29.262,127.99,3.239,18.961481,39.51528,41764798464
TER,4.359231,0.23191999,0.59661,725804032.0,-0.13,0.28405002,2206656000,413742880.0,0.16586,5.933,0.32024,3308254976.0,3.91,155756000.0,14.47,92.59,4.44,23.680305,20.853603,14421447680
TFC,2.8230882,0.2786,0.0,,-0.052,0.4035,23109000000,,0.011469999,,0.0954,22186000384.0,4.86,1334889984.0,46.616,46.92,4.238,9.654321,11.0712595,62633033728
TFX,3.785125,0.14762999,0.54672,445411008.0,-0.019,0.18576999,1552902000,519379136.0,0.04704,46.403,0.109160006,2794959104.0,13.56,46906400.0,81.249,225.54,8.71,16.632742,25.894373,10579269632
TGT,0.7257825,0.03916,0.26225,5155999744.0,0.035,0.05434,31042000000,-365500000.0,0.070539996,169.288,0.33192003,108000000000.0,9.64,479124000.0,28.829,163.38,8.64,16.948133,18.909721,78279278592
TJX,1.9473681,0.06769,0.34605,2116843008.0,-0.019,0.09283,17101549000,166524256.0,0.10309,234.114,0.56935,49635741696.0,2.91,1192880000.0,4.842,81.03,0.07,27.84536,1157.5714,96659062784
TMO,4.895013,0.15921,0.44494998,8124000256.0,0.144,0.20782,19638000000,5043874816.0,0.0699,66.686,0.17091998,44167000064.0,23.26,392196000.0,111.039,551.25,17.79,23.699484,30.986507,216000000000
TMUS,2.346676,0.019170001,0.58625,15445000192.0,-0.007,0.15488,45546000000,5717499904.0,0.0373,162.743,0.022149999,80083001344.0,6.65,1244150016.0,56.115,151.05,1.23,22.714285,122.80488,188000000000
TPR,1.3311908,0.1229,0.69094,661000000.0,0.017,0.17374,4650400000,538225024.0,0.096540004,143.549,0.30514,6710099968.0,4.17,240960992.0,9.362,37.07,3.17,8.889688,11.694006,8932423680
TRGP,0.76068455,0.02585,0.1691,2347399936.0,0.202,0.07107,3220300000,370400000.0,0.05481,237.932,0.16291,21816600576.0,5.43,226375008.0,10.539,73.31,1.05,13.500921,69.819046,16595551232
TRMB,3.9055922,0.13758,0.58244,523500000.0,-0.004,0.16123,2122600000,538225024.0,0.054619998,36.166,0.13387,3762299904.0,2.66,251008000.0,14.342,58.54,1.55,22.007519,37.767742,14694008832
TROW,3.9306085,0.33261,0.60139,3376999936.0,-0.216,0.45826998,4678700000,1781799936.0,0.18123,3.153,0.24777001,7291800064.0,12.85,229198000.0,35.286,125.05,11.776,9.731518,10.619056,28661211136
TRV,1.281711,0.09255999,0.25174,6816999936.0,0.057,0.12047,9475000000,12554625024.0,0.02323,36.627,0.13873,36259000320.0,12.28,246008992.0,112.402,188.91,11.062,15.383552,17.077381,46473560064
TSCO,1.8861918,0.07688,0.34985,893212992.0,0.084,0.10594,4477153000,43154624.0,0.11432999,209.09,0.52459,13517626368.0,7.7,113815000.0,15.947,224.02,7.22,29.093508,31.027702,25496836096
TSLA,8.4,0.14947,0.26613,16030999552.0,0.559,0.16660999,13606000000,6495374848.0,0.11788,14.284,0.32242,74863001600.0,6.16,1004259968.0,23.901,182.86,0.998,29.685066,183.22646,184000000000
TSN,0.454396,0.06077,0.12432,2687000064.0,0.072,0.08271,6624000000,257250000.0,0.07533,44.501,0.17252001,53282000896.0,6.97,289579008.0,54.728,67.33,8.92,9.659972,7.5482063,24211128320
TT,2.6611292,0.105579995,0.30956,1170800000.0,0.175,0.14678,4477100000,913699968.0,0.07906,82.431,0.27135,15487200256.0,7.83,230307008.0,25.438,178.95,7.01,22.854406,25.527817,41213440000
TTWO,3.119017,0.042630002,0.58862996,210584000.0,0.355,0.13681,2040010000,1300279936.0,0.026970001,38.108,0.024330001,3793900032.0,6.08,115300000.0,28.809,102.63,4.269,16.879934,24.040758,11833238528
TXN,7.9595733,0.44205,0.6951,9034999808.0,0.129,0.5313,12376000000,4178500096.0,0.27181998,54.712,0.66959,20189999104.0,7.98,907571968.0,15.942,177.07,9.54,22.189224,18.560797,161000000000
TXT,,0.0,0.0,,,0.0,2067000000,,,,,,3.77,220424992.0,26.543,71.48,1.879,18.960213,38.041515,15755978752
TYL,7.4027247,0.10262,0.42461,374608000.0,0.029,0.13644,709644000,292430880.0,0.03338,44.617,0.079169996,1831520000.0,6.91,40976300.0,50.75,330.88,4.408,47.884228,75.06352,13558238208
UAL,0.35639778,-0.01845,0.26738,4639000064.0,0.662,0.02012,3265000000,2535500032.0,0.00741,783.503,-0.14561,40746999808.0,5.69,326928000.0,14.982,44.42,-6.123,7.806678,,14522140672
UDR,15.271663,0.10982,0.65800005,783428992.0,0.166,0.13069999,857633000,717123648.0,0.01106,119.402,0.03728,1455646976.0,0.53,325542016.0,11.969,40.73,0.5,76.84906,81.46,22230149120
UHS,0.71651757,0.05594,0.3839,1020739008.0,0.057,0.08218,5051039000,214738496.0,0.051810004,87.455,0.11734,13227640832.0,10.83,64157500.0,81.996,132.73,9.7,12.255771,13.683505,9477836800
ULTA,2.4514012,0.12081,0.43498,1198519040.0,0.168,0.15851,3757531000,825008896.0,0.18749,104.953,0.62031,9368176640.0,23.06,51221500.0,34.463,448.35,21.37,19.442759,20.980347,22965159936
UNH,1.5940844,0.06166,0.24219,33956999168.0,0.118,0.08595,69652000000,35117748224.0,0.07423,58.691,0.25289,315000000000.0,24.94,934348992.0,79.803,537.62,20.41,21.556536,26.34101,502000000000
UNP,5.614244,0.28946,0.55416,9598999552.0,0.18,0.40998,12747000000,4355749888.0,0.09803,298.484,0.55113,24427999232.0,10.82,642876032.0,24.437,213.33,7.727,19.716267,27.608385,137000000000
UPS,1.5618429,0.110690005,0.2473,14017999872.0,0.042,0.13681,23595000000,8335124992.0,0.12777,140.54,0.77039003,101000000000.0,12.28,729820992.0,19.616,182.52,12.76,14.863193,14.304075,158000000000
URI,2.237352,0.17506,0.42205003,3849999872.0,0.175,0.26785,3890000000,1494749952.0,0.08925,165.906,0.32900003,11121999872.0,36.55,69308496.0,91.663,359.03,27.32,9.822983,13.141655,24883828736
USB,2.9348326,0.29393998,0.0,,-0.019,0.38042,23762000000,,0.01127,,0.12869,22361999360.0,4.37,1482800000.0,30.534,44.26,3.789,10.128146,11.681182,65628725248
V,15.448462,0.5103,0.97464997,18848999424.0,0.187,0.67332,28567000000,13771124736.0,0.14649001,65.462,0.40883,29309999104.0,9.64,1628169984.0,16.078,213.79,7.0,22.177385,30.541428,453000000000
VFC,1.1439111,0.03598,0.53433,121468000.0,-0.037,0.111379996,6457147000,-273100512.0,0.059320003,229.237,0.12682,11791243264.0,2.99,392782016.0,8.026,34.34,-0.426,11.48495,,13488134144
VICI,14.268131,0.35307997,0.98122,1740903040.0,1.061,0.55287,1478404000,-17391106048.0,0.028369999,66.001,0.0471,2251798016.0,2.37,963097984.0,22.542,33.36,1.05,14.075951,31.771431,32128950272
VLO,0.3230646,0.05706,0.09944,10931999744.0,0.549,0.079050004,5487000000,8149749760.0,0.14312,48.813,0.46128,165000000000.0,17.64,385523008.0,56.837,138.4,23.4,7.8458047,5.91453,53356380160
VMC,3.6764684,0.08974,0.22072001,939500032.0,0.436,0.14616999,1373400000,331982496.0,0.04695,71.544,0.09353,6617800192.0,6.0,132705000.0,45.484,183.34,4.384,30.556665,41.820255,24330133504
VNO,2.6073842,0.10787,0.53666997,719721984.0,0.168,0.21330999,907836000,776117504.0,0.01454,128.151,0.031229999,1843747968.0,0.38,191680992.0,26.927,25.08,-1.839,66.0,,4807359488
VRSK,9.672939,0.34363997,0.65305,1003600000.0,-0.002,0.38444,1940800000,632962496.0,0.09618,158.08,0.40866002,3046799872.0,5.94,161160992.0,16.572,182.87,4.31,30.786194,42.429234,29471510528
VRSN,15.102984,0.59058,0.85707,820451968.0,0.068,0.65882003,1135643000,643277504.0,0.32301,,,1395975936.0,7.17,106016000.0,-14.51,198.87,7.57,27.7364,26.270805,21083402240
VRTX,9.233748,0.3762,0.47605,4046500096.0,0.177,0.36887002,3619100000,2465028608.0,0.1368,6.329,0.29017,8700600320.0,15.83,256691008.0,50.769,312.98,12.53,19.77132,24.978453,80339156992
VTR,4.457859,-0.01061,0.44257,1118711040.0,0.062,0.14074,1738766000,1105265536.0,0.01454,116.015,-0.00331,4078903040.0,0.37,399718016.0,25.922,45.49,0.05,122.945946,909.80005,18183174144
VTRS,0.80756897,0.04804,0.43692002,3333100032.0,-0.101,0.19092,7749900000,3491824896.0,0.03812,105.537,0.03986,16728299520.0,3.24,1212679936.0,15.818,11.14,0.66,3.4382718,16.878788,13509255168
VZ,1.2074853,0.14222,0.56973,36576002048.0,0.04,0.19725999,77312000000,2938374912.0,0.04591,201.208,0.23658001,136000000000.0,5.17,4197760000.0,17.206,39.02,4.562,7.5473886,8.553267,164000000000
WAB,2.369139,0.07995,0.31904,982000000.0,0.018,0.13136,2430000000,825350016.0,0.03545,45.38,0.06353,7954999808.0,4.8,186820992.0,53.701,100.88,2.182,21.016665,46.232815,18846500864
WAT,6.807548,0.23626,0.57592,630889984.0,0.075,0.29278,1629341000,401510880.0,0.17452,423.202,2.04842,2949894912.0,12.68,59407600.0,6.471,338.03,11.37,26.658516,29.729992,20081551360
WBA,0.2714943,0.032679997,0.213,3899000064.0,-0.053,0.0231,28266000000,3260750080.0,0.02236,119.748,0.14904,133000000000.0,4.8,864812992.0,29.232,41.66,5.01,8.679166,8.315369,36028108800
WBD,1.071463,-0.20126,0.4403,2342000128.0,2.118,-0.04543,7576000000,17285750784.0,-0.008669999,106.783,-0.16153999,25995999232.0,-0.03,2428400128.0,19.982,11.47,1.81,-382.33334,6.337017,27853750272
WDC,,0.0,0.0,,,0.0,5874000000,,,,,,8.23,311623008.0,32.513,37.34,1.143,4.53706,32.668415,11636002816
WEC,3.367726,0.14929,0.34806,2085500032.0,0.147,0.21345,3003100000,-364800000.0,0.03115,140.887,0.12158,9240899584.0,4.62,315435008.0,36.0,98.66,4.36,21.35498,22.62844,31120818176
WELL,5.8135486,0.03603,0.40103,1358652032.0,0.189,0.15423,1960283000,1267882496.0,0.015369999,76.114,0.01165,5651347968.0,0.93,472520992.0,40.569,69.53,0.5,74.763435,139.06,32854384640
WFC,2.4064116,0.2139,0.0,24619999232.0,-0.075,0.27741,82948000000,,0.008690001,,0.09014,75120001024.0,5.1,3810490112.0,41.307,47.44,3.85,9.301961,12.322078,181000000000
WHR,0.3931292,0.01858,0.16928,1192000000.0,-0.128,0.08096,4409000000,225750000.0,0.055040002,130.476,0.08291,20615999488.0,17.19,54478400.0,77.37,148.77,6.4,8.65445,23.245314,8104751616
WM,3.5387197,0.115480006,0.37472,4478000128.0,0.088,0.17175,6820000000,1494875008.0,0.07112,200.556,0.31665,19441000448.0,5.45,418316000.0,17.596,164.46,3.66,30.17615,44.934425,68796252160
WMB,3.7809362,0.14384,0.47108,4152999936.0,0.091,0.22297001,5195000000,1722875008.0,0.03263,164.173,0.11416,10894000128.0,1.23,1215030016.0,9.61,33.9,0.948,27.560976,35.759495,41189519360
WMT,0.69231874,0.014939999,0.24377,23587999744.0,0.087,0.03458,144000000000,1468625024.0,0.052670002,81.336,0.106529996,600000000000.0,6.58,2714240000.0,26.652,153.07,3.25,23.262918,47.098465,415000000000
WRB,1.2376903,0.12052,0.42523998,,0.124,0.15284,4029355000,,,46.632,,10730925056.0,4.48,176640000.0,35.489,75.19,4.066,16.783484,18.492376,13281561600
WRK,0.47117049,0.044109996,0.18847999,2157600000.0,0.146,0.086899996,3460100000,1419537536.0,0.03902,76.147,0.08093,20944500736.0,4.64,263088000.0,41.637,37.51,-2.608,8.084051,,9868430336
WST,,0.0,0.0,,,0.0,1175800000,,,,,,7.79,74079696.0,24.783,226.65,5.568,29.094994,40.70582,16790162432
WTW,2.9844337,0.31898,0.45944,621000000.0,-0.01,0.19389999,4048000000,2224000000.0,0.03142,55.15,0.09669,8849999872.0,15.15,108238000.0,90.537,244.02,8.48,16.106932,28.775946,26412236800
WY,2.275446,0.23101,0.38641998,3256000000.0,-0.054,0.33141997,4098000000,2548000000.0,0.12444,46.921,0.23162001,10636000256.0,1.35,749044992.0,12.458,32.31,1.777,23.933334,18.182331,24201644032
WYNN,2.2226665,-0.16846001,0.50782,-153235008.0,-0.082,-0.063140005,2035483000,-254500368.0,-0.0124,,,3899034880.0,1.8,115658000.0,-3.291,74.93,-19.37,41.62778,,8666254336
XEL,2.6077847,0.114429995,0.38474998,3776999936.0,0.177,0.15645,5205000000,-1570625024.0,0.024319999,155.005,0.10597,14611999744.0,3.37,547249024.0,29.952,69.63,3.06,20.66172,22.754902,38104948736
XOM,1.1973323,0.13317999,0.32086,76300001280.0,0.482,0.16066,90045000000,43145248768.0,0.11063,23.532,0.29733,389000000000.0,11.43,4118289920.0,45.189,113.21,12.25,9.904636,9.241632,466000000000
XRAY,1.6428142,0.08809,0.54762,701000000.0,-0.06,0.13726,2358000000,497249984.0,0.03928,48.43,0.07503,4188999936.0,3.09,218607008.0,22.711,31.48,-0.38,10.187702,,6881748480
XYL,3.9178574,0.08059,0.37443,364000000.0,0.01,0.10451999,1979000000,146375008.0,0.040209997,77.146,0.13468,5224000000.0,3.11,180324992.0,16.457,113.5,1.4,36.49518,81.07143,20466886656
YUM,5.309397,0.19127001,0.48189998,1388999936.0,0.021,0.31149,3166000000,780750016.0,0.21428,,,6712999936.0,5.1,281688000.0,-30.077,126.53,4.39,24.809805,28.822325,35641982976
ZBH,3.1662796,0.03517,0.69945997,1406200064.0,-0.009,0.16865999,5537000000,1549500032.0,0.03674,48.13,0.025899999,7900899840.0,6.95,209852000.0,58.364,119.21,1.54,17.15252,77.409096,25016457216
ZBRA,2.5040054,0.08565,0.45251998,684000000.0,0.066,0.16302,2628000000,802249984.0,0.09111,92.161,0.19483,5802999808.0,17.27,53441500.0,40.103,271.9,9.35,15.744064,29.080212,14530743296
ZION,2.7748322,0.2865,0.0,,0.023,0.3756,3187000000,,0.009459999,,0.13408,2918000128.0,4.33,156463008.0,44.976,51.75,4.919,11.951501,10.520431,8096960512
ZTS,8.882579,0.26141,0.70306,1976999936.0,0.053,0.35584998,5481000000,1242125056.0,0.12774,147.533,0.46752998,7994999808.0,4.96,473126016.0,7.929,150.1,3.42,30.262098,43.88889,71016218624
